2026-09-07T23:48:31.575069+08:00 mxy-VMware-Virtual-Platform dbus-daemon[774]: [system] Failed to activate service 'org.bluez': timed out (service_start_timeout=25000ms)
2026-09-07T23:48:43.306533+08:00 mxy-VMware-Virtual-Platform pkexec: pam_unix(polkit-1:session): session opened for user root(uid=0) by mxy(uid=1000)
2026-09-07T23:48:43.312388+08:00 mxy-VMware-Virtual-Platform pkexec[2722]: mxy: Executing command [USER=root] [TTY=unknown] [CWD=/home/mxy] [COMMAND=/usr/lib/update-notifier/package-system-locked]
2026-09-07T23:55:01.493996+08:00 mxy-VMware-Virtual-Platform CRON[4545]: pam_unix(cron:session): session opened for user root(uid=0) by root(uid=0)
2026-09-07T23:55:01.506245+08:00 mxy-VMware-Virtual-Platform CRON[4545]: pam_unix(cron:session): session closed for user root
2026-09-07T23:59:01.523132+08:00 mxy-VMware-Virtual-Platform CRON[4640]: pam_unix(cron:session): session opened for user root(uid=0) by root(uid=0)
2026-09-07T23:59:01.535242+08:00 mxy-VMware-Virtual-Platform CRON[4640]: pam_unix(cron:session): session closed for user root
2026-09-08T00:05:01.554301+08:00 mxy-VMware-Virtual-Platform CRON[4897]: pam_unix(cron:session): session opened for user root(uid=0) by root(uid=0)
2026-09-08T00:05:01.566571+08:00 mxy-VMware-Virtual-Platform CRON[4897]: pam_unix(cron:session): session closed for user root
2026-09-08T00:06:42.180422+08:00 mxy-VMware-Virtual-Platform pkexec: pam_unix(polkit-1:session): session opened for user root(uid=0) by mxy(uid=1000)
2026-09-08T00:06:42.185276+08:00 mxy-VMware-Virtual-Platform pkexec[4943]: mxy: Executing command [USER=root] [TTY=unknown] [CWD=/home/mxy] [COMMAND=/usr/lib/update-notifier/package-system-locked]
2026-09-08T00:09:28.887098+08:00 mxy-VMware-Virtual-Platform gdm-password]: pam_unix(gdm-password:auth): authentication failure; logname=mxy uid=0 euid=0 tty=/dev/tty1 ruser= rhost=  user=mxy
2026-09-08T00:10:00.216805+08:00 mxy-VMware-Virtual-Platform gdm-password]: pam_unix(gdm-password:auth): authentication failure; logname=mxy uid=0 euid=0 tty=/dev/tty1 ruser= rhost=  user=mxy
2026-09-08T00:12:14.765450+08:00 mxy-VMware-Virtual-Platform systemd-logind[812]: Watching system buttons on /dev/input/event0 (Power Button)
2026-09-08T00:12:14.766244+08:00 mxy-VMware-Virtual-Platform systemd-logind[812]: Watching system buttons on /dev/input/event1 (AT Translated Set 2 keyboard)
2026-09-08T00:12:14.766865+08:00 mxy-VMware-Virtual-Platform systemd-logind[812]: New seat seat0.
2026-09-08T00:12:15.002457+08:00 mxy-VMware-Virtual-Platform polkitd[779]: Loading rules from directory /etc/polkit-1/rules.d
2026-09-08T00:12:15.003171+08:00 mxy-VMware-Virtual-Platform polkitd[779]: Loading rules from directory /usr/share/polkit-1/rules.d
2026-09-08T00:12:15.053466+08:00 mxy-VMware-Virtual-Platform polkitd[779]: Finished loading, compiling and executing 16 rules
2026-09-08T00:12:15.062765+08:00 mxy-VMware-Virtual-Platform polkitd[779]: Acquired the name org.freedesktop.PolicyKit1 on the system bus
2026-09-08T00:12:18.414706+08:00 mxy-VMware-Virtual-Platform gdm-autologin]: gkr-pam: no password is available for user
2026-09-08T00:12:18.522776+08:00 mxy-VMware-Virtual-Platform gdm-autologin]: pam_unix(gdm-autologin:session): session opened for user mxy(uid=1000) by mxy(uid=0)
2026-09-08T00:12:18.633865+08:00 mxy-VMware-Virtual-Platform systemd-logind[812]: New session 1 of user mxy.
2026-09-08T00:12:18.725385+08:00 mxy-VMware-Virtual-Platform (systemd): pam_unix(systemd-user:session): session opened for user mxy(uid=1000) by mxy(uid=0)
2026-09-08T00:12:19.560126+08:00 mxy-VMware-Virtual-Platform gdm-autologin]: gkr-pam: couldn't unlock the login keyring.
2026-09-08T00:12:20.600836+08:00 mxy-VMware-Virtual-Platform gnome-keyring-daemon[1395]: The PKCS#11 component was already initialized
2026-09-08T00:12:20.602726+08:00 mxy-VMware-Virtual-Platform gnome-keyring-daemon[1594]: discover_other_daemon: 1
2026-09-08T00:12:20.604021+08:00 mxy-VMware-Virtual-Platform gnome-keyring-daemon[1395]: The Secret Service was already initialized
2026-09-08T00:12:20.605100+08:00 mxy-VMware-Virtual-Platform gnome-keyring-daemon[1597]: discover_other_daemon: 1
2026-09-08T00:12:20.643147+08:00 mxy-VMware-Virtual-Platform gnome-keyring-daemon[1600]: discover_other_daemon: 1
2026-09-08T00:12:25.051348+08:00 mxy-VMware-Virtual-Platform polkitd[779]: Registered Authentication Agent for unix-session:1 (system bus name :1.41 [/usr/bin/gnome-shell], object path /org/freedesktop/PolicyKit1/AuthenticationAgent, locale zh_CN.UTF-8)
2026-09-08T00:13:27.541329+08:00 mxy-VMware-Virtual-Platform pkexec: pam_unix(polkit-1:session): session opened for user root(uid=0) by mxy(uid=1000)
2026-09-08T00:13:27.546422+08:00 mxy-VMware-Virtual-Platform pkexec[2425]: mxy: Executing command [USER=root] [TTY=unknown] [CWD=/home/mxy] [COMMAND=/usr/lib/update-notifier/package-system-locked]
2026-09-08T00:15:01.484163+08:00 mxy-VMware-Virtual-Platform CRON[2496]: pam_unix(cron:session): session opened for user root(uid=0) by root(uid=0)
2026-09-08T00:15:01.494424+08:00 mxy-VMware-Virtual-Platform CRON[2496]: pam_unix(cron:session): session closed for user root
2026-09-08T00:17:01.511353+08:00 mxy-VMware-Virtual-Platform CRON[2499]: pam_unix(cron:session): session opened for user root(uid=0) by root(uid=0)
2026-09-08T00:17:01.528290+08:00 mxy-VMware-Virtual-Platform CRON[2499]: pam_unix(cron:session): session closed for user root
2026-09-08T00:17:26.735074+08:00 mxy-VMware-Virtual-Platform sudo:      mxy : TTY=pts/0 ; PWD=/home/mxy ; USER=root ; COMMAND=/usr/bin/apt update
2026-09-08T00:17:26.742852+08:00 mxy-VMware-Virtual-Platform sudo: pam_unix(sudo:session): session opened for user root(uid=0) by mxy(uid=1000)
2026-09-08T00:17:37.509514+08:00 mxy-VMware-Virtual-Platform sudo: pam_unix(sudo:session): session closed for user root
2026-09-08T00:20:07.370569+08:00 mxy-VMware-Virtual-Platform sudo:      mxy : TTY=pts/0 ; PWD=/home/mxy ; USER=root ; COMMAND=/usr/bin/apt install open-vm-tools-desktop
2026-09-08T00:20:07.375527+08:00 mxy-VMware-Virtual-Platform sudo: pam_unix(sudo:session): session opened for user root(uid=0) by mxy(uid=1000)
2026-09-08T00:20:20.375798+08:00 mxy-VMware-Virtual-Platform sudo: pam_unix(sudo:session): session closed for user root
2026-09-08T09:41:24.523730+08:00 mxy-VMware-Virtual-Platform dbus-daemon[770]: [system] Failed to activate service 'org.bluez': timed out (service_start_timeout=25000ms)
2026-09-08T09:41:37.896684+08:00 mxy-VMware-Virtual-Platform sudo:      mxy : TTY=pts/0 ; PWD=/home/mxy ; USER=root ; COMMAND=/usr/bin/apt update
2026-09-08T09:41:37.899584+08:00 mxy-VMware-Virtual-Platform sudo: pam_unix(sudo:session): session opened for user root(uid=0) by mxy(uid=1000)
2026-09-08T09:41:58.240087+08:00 mxy-VMware-Virtual-Platform sudo: pam_unix(sudo:session): session closed for user root
2026-09-08T09:42:05.243147+08:00 mxy-VMware-Virtual-Platform sudo:      mxy : TTY=pts/0 ; PWD=/home/mxy ; USER=root ; COMMAND=/usr/bin/apt install open-vm-tools-desktop
2026-09-08T09:42:05.246780+08:00 mxy-VMware-Virtual-Platform sudo: pam_unix(sudo:session): session opened for user root(uid=0) by mxy(uid=1000)
2026-09-08T09:42:31.297623+08:00 mxy-VMware-Virtual-Platform sudo: pam_unix(sudo:session): session closed for user root
2026-09-08T09:43:36.183216+08:00 mxy-VMware-Virtual-Platform pkexec: pam_unix(polkit-1:session): session opened for user root(uid=0) by mxy(uid=1000)
2026-09-08T09:43:36.188374+08:00 mxy-VMware-Virtual-Platform pkexec[6831]: mxy: Executing command [USER=root] [TTY=unknown] [CWD=/home/mxy] [COMMAND=/usr/lib/update-notifier/package-system-locked]
2026-09-08T09:44:25.388735+08:00 mxy-VMware-Virtual-Platform systemd-logind[812]: The system will reboot now!
2026-09-08T09:44:25.499620+08:00 mxy-VMware-Virtual-Platform systemd-logind[812]: System is rebooting.
2026-09-08T09:44:25.546916+08:00 mxy-VMware-Virtual-Platform gdm-autologin]: pam_unix(gdm-autologin:session): session closed for user mxy
2026-09-08T09:44:50.438989+08:00 mxy-VMware-Virtual-Platform systemd-logind[1293]: New seat seat0.
2026-09-08T09:44:50.455150+08:00 mxy-VMware-Virtual-Platform systemd-logind[1293]: Watching system buttons on /dev/input/event0 (Power Button)
2026-09-08T09:44:50.455627+08:00 mxy-VMware-Virtual-Platform systemd-logind[1293]: Watching system buttons on /dev/input/event1 (AT Translated Set 2 keyboard)
2026-09-08T09:44:50.763439+08:00 mxy-VMware-Virtual-Platform polkitd[1264]: Loading rules from directory /etc/polkit-1/rules.d
2026-09-08T09:44:50.764784+08:00 mxy-VMware-Virtual-Platform polkitd[1264]: Loading rules from directory /usr/share/polkit-1/rules.d
2026-09-08T09:44:50.813597+08:00 mxy-VMware-Virtual-Platform polkitd[1264]: Finished loading, compiling and executing 16 rules
2026-09-08T09:44:50.818713+08:00 mxy-VMware-Virtual-Platform polkitd[1264]: Acquired the name org.freedesktop.PolicyKit1 on the system bus
2026-09-08T09:44:54.441221+08:00 mxy-VMware-Virtual-Platform gdm-autologin]: gkr-pam: no password is available for user
2026-09-08T09:44:54.553472+08:00 mxy-VMware-Virtual-Platform gdm-autologin]: pam_unix(gdm-autologin:session): session opened for user mxy(uid=1000) by mxy(uid=0)
2026-09-08T09:44:54.681049+08:00 mxy-VMware-Virtual-Platform systemd-logind[1293]: New session 1 of user mxy.
2026-09-08T09:44:54.777639+08:00 mxy-VMware-Virtual-Platform (systemd): pam_unix(systemd-user:session): session opened for user mxy(uid=1000) by mxy(uid=0)
2026-09-08T09:44:55.590420+08:00 mxy-VMware-Virtual-Platform gdm-autologin]: gkr-pam: couldn't unlock the login keyring.
2026-09-08T09:44:56.729542+08:00 mxy-VMware-Virtual-Platform gnome-keyring-daemon[1787]: The PKCS#11 component was already initialized
2026-09-08T09:44:56.734463+08:00 mxy-VMware-Virtual-Platform gnome-keyring-daemon[1983]: discover_other_daemon: 1
2026-09-08T09:44:56.735342+08:00 mxy-VMware-Virtual-Platform gnome-keyring-daemon[1787]: The Secret Service was already initialized
2026-09-08T09:44:56.736580+08:00 mxy-VMware-Virtual-Platform gnome-keyring-daemon[1986]: discover_other_daemon: 1
2026-09-08T09:44:56.777356+08:00 mxy-VMware-Virtual-Platform gnome-keyring-daemon[1989]: discover_other_daemon: 1
2026-09-08T09:45:01.191829+08:00 mxy-VMware-Virtual-Platform CRON[2467]: pam_unix(cron:session): session opened for user root(uid=0) by root(uid=0)
2026-09-08T09:45:01.208426+08:00 mxy-VMware-Virtual-Platform CRON[2467]: pam_unix(cron:session): session closed for user root
2026-09-08T09:45:01.678154+08:00 mxy-VMware-Virtual-Platform polkitd[1264]: Registered Authentication Agent for unix-session:1 (system bus name :1.41 [/usr/bin/gnome-shell], object path /org/freedesktop/PolicyKit1/AuthenticationAgent, locale zh_CN.UTF-8)
2026-09-08T09:46:04.914406+08:00 mxy-VMware-Virtual-Platform pkexec: pam_unix(polkit-1:session): session opened for user root(uid=0) by mxy(uid=1000)
2026-09-08T09:46:04.919111+08:00 mxy-VMware-Virtual-Platform pkexec[2987]: mxy: Executing command [USER=root] [TTY=unknown] [CWD=/home/mxy] [COMMAND=/usr/lib/update-notifier/package-system-locked]
2026-09-08T09:55:01.229310+08:00 mxy-VMware-Virtual-Platform CRON[3188]: pam_unix(cron:session): session opened for user root(uid=0) by root(uid=0)
2026-09-08T09:55:01.240960+08:00 mxy-VMware-Virtual-Platform CRON[3188]: pam_unix(cron:session): session closed for user root
2026-09-08T09:55:12.344522+08:00 mxy-VMware-Virtual-Platform sudo:      mxy : TTY=pts/0 ; PWD=/home/mxy ; USER=root ; COMMAND=/usr/bin/apt install -y auditd audispd-plugins
2026-09-08T09:55:12.348287+08:00 mxy-VMware-Virtual-Platform sudo: pam_unix(sudo:session): session opened for user root(uid=0) by mxy(uid=1000)
2026-09-08T09:55:20.847125+08:00 mxy-VMware-Virtual-Platform sudo: pam_unix(sudo:session): session closed for user root
2026-09-08T09:55:20.871552+08:00 mxy-VMware-Virtual-Platform sudo:      mxy : TTY=pts/0 ; PWD=/home/mxy ; USER=root ; COMMAND=/usr/bin/systemctl enable --now auditd
2026-09-08T09:55:20.875319+08:00 mxy-VMware-Virtual-Platform sudo: pam_unix(sudo:session): session opened for user root(uid=0) by mxy(uid=1000)
2026-09-08T09:55:20.895209+08:00 mxy-VMware-Virtual-Platform sudo: pam_unix(sudo:session): session closed for user root
2026-09-08T09:55:55.996440+08:00 mxy-VMware-Virtual-Platform sudo:      mxy : TTY=pts/0 ; PWD=/home/mxy ; USER=root ; COMMAND=/usr/bin/apt install -y auditd audispd-plugins
2026-09-08T09:55:56.000095+08:00 mxy-VMware-Virtual-Platform sudo: pam_unix(sudo:session): session opened for user root(uid=0) by mxy(uid=1000)
2026-09-08T09:56:08.910552+08:00 mxy-VMware-Virtual-Platform sudo: pam_unix(sudo:session): session closed for user root
2026-09-08T09:56:08.936780+08:00 mxy-VMware-Virtual-Platform sudo:      mxy : TTY=pts/0 ; PWD=/home/mxy ; USER=root ; COMMAND=/usr/bin/systemctl enable --now auditd
2026-09-08T09:56:08.940376+08:00 mxy-VMware-Virtual-Platform sudo: pam_unix(sudo:session): session opened for user root(uid=0) by mxy(uid=1000)
2026-09-08T09:56:12.426618+08:00 mxy-VMware-Virtual-Platform sudo: pam_unix(sudo:session): session closed for user root
2026-09-08T09:58:03.265763+08:00 mxy-VMware-Virtual-Platform pkexec: pam_unix(polkit-1:session): session opened for user root(uid=0) by mxy(uid=1000)
2026-09-08T09:58:03.270228+08:00 mxy-VMware-Virtual-Platform pkexec[4509]: mxy: Executing command [USER=root] [TTY=unknown] [CWD=/home/mxy] [COMMAND=/usr/lib/update-notifier/package-system-locked]
2026-09-08T09:59:45.560109+08:00 mxy-VMware-Virtual-Platform sudo:      mxy : TTY=pts/0 ; PWD=/home/mxy ; USER=root ; COMMAND=/usr/bin/nano /etc/audit/rules.d/case01.rules
2026-09-08T09:59:45.564815+08:00 mxy-VMware-Virtual-Platform sudo: pam_unix(sudo:session): session opened for user root(uid=0) by mxy(uid=1000)
2026-09-08T10:01:35.293624+08:00 mxy-VMware-Virtual-Platform sudo: pam_unix(sudo:session): session closed for user root
2026-09-08T10:01:47.596570+08:00 mxy-VMware-Virtual-Platform sudo:      mxy : TTY=pts/0 ; PWD=/home/mxy ; USER=root ; COMMAND=/usr/sbin/augenrules --check
2026-09-08T10:01:47.600905+08:00 mxy-VMware-Virtual-Platform sudo: pam_unix(sudo:session): session opened for user root(uid=0) by mxy(uid=1000)
2026-09-08T10:01:47.634533+08:00 mxy-VMware-Virtual-Platform sudo: pam_unix(sudo:session): session closed for user root
2026-09-08T10:01:47.660179+08:00 mxy-VMware-Virtual-Platform sudo:      mxy : TTY=pts/0 ; PWD=/home/mxy ; USER=root ; COMMAND=/usr/sbin/augenrules --load
2026-09-08T10:01:47.664192+08:00 mxy-VMware-Virtual-Platform sudo: pam_unix(sudo:session): session opened for user root(uid=0) by mxy(uid=1000)
2026-09-08T10:01:47.722255+08:00 mxy-VMware-Virtual-Platform sudo: pam_unix(sudo:session): session closed for user root
2026-09-08T10:01:47.749275+08:00 mxy-VMware-Virtual-Platform sudo:      mxy : TTY=pts/0 ; PWD=/home/mxy ; USER=root ; COMMAND=/usr/sbin/auditctl -l
2026-09-08T10:01:47.753698+08:00 mxy-VMware-Virtual-Platform sudo: pam_unix(sudo:session): session opened for user root(uid=0) by mxy(uid=1000)
2026-09-08T10:01:47.763954+08:00 mxy-VMware-Virtual-Platform sudo: pam_unix(sudo:session): session closed for user root
2026-09-08T10:02:18.091523+08:00 mxy-VMware-Virtual-Platform sudo:      mxy : TTY=pts/0 ; PWD=/home/mxy ; USER=root ; COMMAND=/usr/sbin/augenrules --check
2026-09-08T10:02:18.095619+08:00 mxy-VMware-Virtual-Platform sudo: pam_unix(sudo:session): session opened for user root(uid=0) by mxy(uid=1000)
2026-09-08T10:02:18.130430+08:00 mxy-VMware-Virtual-Platform sudo: pam_unix(sudo:session): session closed for user root
2026-09-08T10:04:03.925370+08:00 mxy-VMware-Virtual-Platform sudo:      mxy : TTY=pts/0 ; PWD=/home/mxy ; USER=root ; COMMAND=/usr/bin/systemctl restart auditd
2026-09-08T10:04:03.930265+08:00 mxy-VMware-Virtual-Platform sudo: pam_unix(sudo:session): session opened for user root(uid=0) by mxy(uid=1000)
2026-09-08T10:04:04.110567+08:00 mxy-VMware-Virtual-Platform sudo: pam_unix(sudo:session): session closed for user root
2026-09-08T10:04:11.689009+08:00 mxy-VMware-Virtual-Platform sudo:      mxy : TTY=pts/0 ; PWD=/home/mxy ; USER=root ; COMMAND=/usr/sbin/auditctl -l
2026-09-08T10:04:11.692706+08:00 mxy-VMware-Virtual-Platform sudo: pam_unix(sudo:session): session opened for user root(uid=0) by mxy(uid=1000)
2026-09-08T10:04:11.704246+08:00 mxy-VMware-Virtual-Platform sudo: pam_unix(sudo:session): session closed for user root
2026-09-08T10:05:01.263169+08:00 mxy-VMware-Virtual-Platform CRON[4730]: pam_unix(cron:session): session opened for user root(uid=0) by root(uid=0)
2026-09-08T10:05:01.275320+08:00 mxy-VMware-Virtual-Platform CRON[4730]: pam_unix(cron:session): session closed for user root
2026-09-08T10:07:05.831064+08:00 mxy-VMware-Virtual-Platform sudo:      mxy : TTY=pts/0 ; PWD=/home/mxy ; USER=root ; COMMAND=/usr/sbin/ausearch -k case01_demo_file -i
2026-09-08T10:07:05.835741+08:00 mxy-VMware-Virtual-Platform sudo: pam_unix(sudo:session): session opened for user root(uid=0) by mxy(uid=1000)
2026-09-08T10:07:05.846957+08:00 mxy-VMware-Virtual-Platform sudo: pam_unix(sudo:session): session closed for user root
2026-09-08T10:07:37.210548+08:00 mxy-VMware-Virtual-Platform sudo:      mxy : TTY=pts/0 ; PWD=/home/mxy ; USER=root ; COMMAND=/usr/sbin/ausearch -k case01_process_exec -i
2026-09-08T10:07:37.215770+08:00 mxy-VMware-Virtual-Platform sudo: pam_unix(sudo:session): session opened for user root(uid=0) by mxy(uid=1000)
2026-09-08T10:07:37.240734+08:00 mxy-VMware-Virtual-Platform sudo: pam_unix(sudo:session): session closed for user root
2026-09-08T10:08:03.791430+08:00 mxy-VMware-Virtual-Platform sudo:      mxy : TTY=pts/0 ; PWD=/home/mxy ; USER=root ; COMMAND=/usr/sbin/ausearch -k case01_network -i
2026-09-08T10:08:03.796385+08:00 mxy-VMware-Virtual-Platform sudo: pam_unix(sudo:session): session opened for user root(uid=0) by mxy(uid=1000)
2026-09-08T10:08:03.841133+08:00 mxy-VMware-Virtual-Platform sudo: pam_unix(sudo:session): session closed for user root
2026-09-08T10:08:38.883046+08:00 mxy-VMware-Virtual-Platform sudo:      mxy : TTY=pts/0 ; PWD=/home/mxy ; USER=root ; COMMAND=/usr/sbin/ausearch -k case01_demo_file -i
2026-09-08T10:08:38.887026+08:00 mxy-VMware-Virtual-Platform sudo: pam_unix(sudo:session): session opened for user root(uid=0) by mxy(uid=1000)
2026-09-08T10:08:38.899302+08:00 mxy-VMware-Virtual-Platform sudo: pam_unix(sudo:session): session closed for user root
2026-09-08T10:08:38.923555+08:00 mxy-VMware-Virtual-Platform sudo:      mxy : TTY=pts/0 ; PWD=/home/mxy ; USER=root ; COMMAND=/usr/sbin/ausearch -k case01_process_exec -i
2026-09-08T10:08:38.928008+08:00 mxy-VMware-Virtual-Platform sudo: pam_unix(sudo:session): session opened for user root(uid=0) by mxy(uid=1000)
2026-09-08T10:08:38.945667+08:00 mxy-VMware-Virtual-Platform sudo: pam_unix(sudo:session): session closed for user root
2026-09-08T10:08:38.971312+08:00 mxy-VMware-Virtual-Platform sudo:      mxy : TTY=pts/0 ; PWD=/home/mxy ; USER=root ; COMMAND=/usr/sbin/ausearch -k case01_network -i
2026-09-08T10:08:38.976014+08:00 mxy-VMware-Virtual-Platform sudo: pam_unix(sudo:session): session opened for user root(uid=0) by mxy(uid=1000)
2026-09-08T10:08:39.006168+08:00 mxy-VMware-Virtual-Platform sudo: pam_unix(sudo:session): session closed for user root
2026-09-08T10:08:39.031104+08:00 mxy-VMware-Virtual-Platform sudo:      mxy : TTY=pts/0 ; PWD=/home/mxy ; USER=root ; COMMAND=/usr/bin/cp /var/log/audit/audit.log /home/mxy/case01-core/evidence/audit.log
2026-09-08T10:08:39.036332+08:00 mxy-VMware-Virtual-Platform sudo: pam_unix(sudo:session): session opened for user root(uid=0) by mxy(uid=1000)
2026-09-08T10:08:39.045659+08:00 mxy-VMware-Virtual-Platform sudo: pam_unix(sudo:session): session closed for user root
2026-09-08T10:09:15.064102+08:00 mxy-VMware-Virtual-Platform pkexec: pam_unix(polkit-1:session): session opened for user root(uid=0) by mxy(uid=1000)
2026-09-08T10:09:15.069153+08:00 mxy-VMware-Virtual-Platform pkexec[4838]: mxy: Executing command [USER=root] [TTY=unknown] [CWD=/home/mxy] [COMMAND=/usr/libexec/gvfsd-admin --spawner :1.20 /org/gtk/gvfs/exec_spaw/9 --address unix:path=/run/user/1000/bus --dir /run/user/1000]
2026-09-08T10:09:15.173070+08:00 mxy-VMware-Virtual-Platform polkitd[1264]: Identity `unix-group:admin' is not valid, ignoring: No UNIX group with name admin: No such file or directory
2026-09-08T10:09:18.983972+08:00 mxy-VMware-Virtual-Platform polkitd[1264]: Operator of unix-session:1 successfully authenticated as unix-user:mxy to gain TEMPORARY authorization for action org.gtk.vfs.file-operations for unix-process:4812:147546 [/usr/bin/gnome-text-editor /home/mxy/case01-core/evidence/audit.log] (owned by unix-user:mxy)
2026-09-08T10:09:25.963988+08:00 mxy-VMware-Virtual-Platform polkitd[1264]: Identity `unix-group:admin' is not valid, ignoring: No UNIX group with name admin: No such file or directory
2026-09-08T10:09:29.538343+08:00 mxy-VMware-Virtual-Platform polkitd[1264]: Operator of unix-session:1 successfully authenticated as unix-user:mxy to gain TEMPORARY authorization for action org.gtk.vfs.file-operations for unix-process:4883:148806 [/usr/bin/gnome-text-editor /home/mxy/case01-core/evidence/audit-file-access.txt] (owned by unix-user:mxy)
2026-09-08T10:10:39.843216+08:00 mxy-VMware-Virtual-Platform polkitd[1264]: Identity `unix-group:admin' is not valid, ignoring: No UNIX group with name admin: No such file or directory
2026-09-08T10:10:43.876565+08:00 mxy-VMware-Virtual-Platform polkitd[1264]: Operator of unix-session:1 successfully authenticated as unix-user:mxy to gain TEMPORARY authorization for action org.gtk.vfs.file-operations for unix-process:4947:156188 [/usr/bin/gnome-text-editor /home/mxy/case01-core/evidence/audit-network.txt] (owned by unix-user:mxy)
2026-09-08T10:12:30.242506+08:00 mxy-VMware-Virtual-Platform polkitd[1264]: Identity `unix-group:admin' is not valid, ignoring: No UNIX group with name admin: No such file or directory
2026-09-08T10:12:33.286418+08:00 mxy-VMware-Virtual-Platform polkitd[1264]: Operator of unix-session:1 successfully authenticated as unix-user:mxy to gain TEMPORARY authorization for action org.gtk.vfs.file-operations for unix-process:5033:167228 [/usr/bin/gnome-text-editor /home/mxy/case01-core/evidence/audit-process-exec.txt] (owned by unix-user:mxy)
2026-09-08T10:13:52.671751+08:00 mxy-VMware-Virtual-Platform polkitd[1264]: Identity `unix-group:admin' is not valid, ignoring: No UNIX group with name admin: No such file or directory
2026-09-08T10:13:55.515860+08:00 mxy-VMware-Virtual-Platform polkitd[1264]: Operator of unix-session:1 successfully authenticated as unix-user:mxy to gain TEMPORARY authorization for action org.gtk.vfs.file-operations for unix-process:5084:175466 [/usr/bin/gnome-text-editor /home/mxy/case01-core/evidence/audit.log] (owned by unix-user:mxy)
2026-09-08T10:15:01.297971+08:00 mxy-VMware-Virtual-Platform CRON[5140]: pam_unix(cron:session): session opened for user root(uid=0) by root(uid=0)
2026-09-08T10:15:01.309595+08:00 mxy-VMware-Virtual-Platform CRON[5140]: pam_unix(cron:session): session closed for user root
2026-09-08T10:17:01.325166+08:00 mxy-VMware-Virtual-Platform CRON[5147]: pam_unix(cron:session): session opened for user root(uid=0) by root(uid=0)
2026-09-08T10:17:01.338025+08:00 mxy-VMware-Virtual-Platform CRON[5147]: pam_unix(cron:session): session closed for user root
2026-09-08T10:20:58.210002+08:00 mxy-VMware-Virtual-Platform gdm-password]: gkr-pam: unlocked login keyring
2026-09-08T10:25:01.361297+08:00 mxy-VMware-Virtual-Platform CRON[5272]: pam_unix(cron:session): session opened for user root(uid=0) by root(uid=0)
2026-09-08T10:25:01.374650+08:00 mxy-VMware-Virtual-Platform CRON[5272]: pam_unix(cron:session): session closed for user root
2026-09-08T10:30:01.395656+08:00 mxy-VMware-Virtual-Platform CRON[5292]: pam_unix(cron:session): session opened for user root(uid=0) by root(uid=0)
2026-09-08T10:30:01.406193+08:00 mxy-VMware-Virtual-Platform CRON[5292]: pam_unix(cron:session): session closed for user root
2026-09-08T10:35:01.431294+08:00 mxy-VMware-Virtual-Platform CRON[5300]: pam_unix(cron:session): session opened for user root(uid=0) by root(uid=0)
2026-09-08T10:35:01.445454+08:00 mxy-VMware-Virtual-Platform CRON[5300]: pam_unix(cron:session): session closed for user root
2026-09-08T10:40:46.837607+08:00 mxy-VMware-Virtual-Platform dbus-daemon[1258]: [system] Failed to activate service 'org.bluez': timed out (service_start_timeout=25000ms)
2026-09-08T10:44:33.152916+08:00 mxy-VMware-Virtual-Platform gnome-keyring-daemon[1787]: couldn't initialize slot with master password: 密码或 PIN 不正确
2026-09-08T10:44:33.156329+08:00 mxy-VMware-Virtual-Platform gdm-password]: gkr-pam: unlocked login keyring
2026-09-08T10:45:01.471094+08:00 mxy-VMware-Virtual-Platform CRON[5603]: pam_unix(cron:session): session opened for user root(uid=0) by root(uid=0)
2026-09-08T10:45:01.481444+08:00 mxy-VMware-Virtual-Platform CRON[5603]: pam_unix(cron:session): session closed for user root
2026-09-08T10:48:12.210944+08:00 mxy-VMware-Virtual-Platform sudo:      mxy : TTY=pts/0 ; PWD=/home/mxy ; USER=root ; COMMAND=/usr/bin/cp /var/log/audit/audit.log /home/mxy/case01-core/evidence/old/audit.log.old
2026-09-08T10:48:12.215228+08:00 mxy-VMware-Virtual-Platform sudo: pam_unix(sudo:session): session opened for user root(uid=0) by mxy(uid=1000)
2026-09-08T10:48:12.232719+08:00 mxy-VMware-Virtual-Platform sudo: pam_unix(sudo:session): session closed for user root
2026-09-08T10:48:12.262245+08:00 mxy-VMware-Virtual-Platform sudo:      mxy : TTY=pts/0 ; PWD=/home/mxy ; USER=root ; COMMAND=/usr/sbin/service auditd rotate
2026-09-08T10:48:12.266531+08:00 mxy-VMware-Virtual-Platform sudo: pam_unix(sudo:session): session opened for user root(uid=0) by mxy(uid=1000)
2026-09-08T10:48:12.383342+08:00 mxy-VMware-Virtual-Platform sudo: pam_unix(sudo:session): session closed for user root
2026-09-08T10:49:58.000722+08:00 mxy-VMware-Virtual-Platform sudo:      mxy : TTY=pts/0 ; PWD=/home/mxy ; USER=root ; COMMAND=/usr/bin/cp /var/log/audit/audit.log /home/mxy/case01-core/evidence/audit.log
2026-09-08T10:49:58.004116+08:00 mxy-VMware-Virtual-Platform sudo: pam_unix(sudo:session): session opened for user root(uid=0) by mxy(uid=1000)
2026-09-08T10:49:58.014869+08:00 mxy-VMware-Virtual-Platform sudo: pam_unix(sudo:session): session closed for user root
2026-09-08T10:50:06.688235+08:00 mxy-VMware-Virtual-Platform sudo:      mxy : TTY=pts/0 ; PWD=/home/mxy ; USER=root ; COMMAND=/usr/sbin/ausearch -k case01_demo_file -i
2026-09-08T10:50:06.694088+08:00 mxy-VMware-Virtual-Platform sudo: pam_unix(sudo:session): session opened for user root(uid=0) by mxy(uid=1000)
2026-09-08T10:50:06.712049+08:00 mxy-VMware-Virtual-Platform sudo: pam_unix(sudo:session): session closed for user root
2026-09-08T10:50:06.738167+08:00 mxy-VMware-Virtual-Platform sudo:      mxy : TTY=pts/0 ; PWD=/home/mxy ; USER=root ; COMMAND=/usr/sbin/ausearch -k case01_process_exec -i
2026-09-08T10:50:06.742442+08:00 mxy-VMware-Virtual-Platform sudo: pam_unix(sudo:session): session opened for user root(uid=0) by mxy(uid=1000)
2026-09-08T10:50:06.777463+08:00 mxy-VMware-Virtual-Platform sudo: pam_unix(sudo:session): session closed for user root
2026-09-08T10:50:06.804195+08:00 mxy-VMware-Virtual-Platform sudo:      mxy : TTY=pts/0 ; PWD=/home/mxy ; USER=root ; COMMAND=/usr/sbin/ausearch -k case01_network -i
2026-09-08T10:50:06.810658+08:00 mxy-VMware-Virtual-Platform sudo: pam_unix(sudo:session): session opened for user root(uid=0) by mxy(uid=1000)
2026-09-08T10:50:06.893727+08:00 mxy-VMware-Virtual-Platform sudo: pam_unix(sudo:session): session closed for user root
2026-09-08T10:50:14.965017+08:00 mxy-VMware-Virtual-Platform polkitd[1264]: Identity `unix-group:admin' is not valid, ignoring: No UNIX group with name admin: No such file or directory
2026-09-08T10:50:17.628101+08:00 mxy-VMware-Virtual-Platform polkitd[1264]: Operator of unix-session:1 successfully authenticated as unix-user:mxy to gain TEMPORARY authorization for action org.gtk.vfs.file-operations for unix-process:5755:393625 [/usr/bin/gnome-text-editor /home/mxy/case01-core/evidence/audit-file-access.txt] (owned by unix-user:mxy)
2026-09-08T10:51:02.526051+08:00 mxy-VMware-Virtual-Platform polkitd[1264]: Identity `unix-group:admin' is not valid, ignoring: No UNIX group with name admin: No such file or directory
2026-09-08T10:51:05.225219+08:00 mxy-VMware-Virtual-Platform polkitd[1264]: Operator of unix-session:1 successfully authenticated as unix-user:mxy to gain TEMPORARY authorization for action org.gtk.vfs.file-operations for unix-process:5824:398442 [/usr/bin/gnome-text-editor /home/mxy/case01-core/evidence/audit-network.txt] (owned by unix-user:mxy)
2026-09-08T10:55:01.506922+08:00 mxy-VMware-Virtual-Platform CRON[5899]: pam_unix(cron:session): session opened for user root(uid=0) by root(uid=0)
2026-09-08T10:55:01.520161+08:00 mxy-VMware-Virtual-Platform CRON[5899]: pam_unix(cron:session): session closed for user root
2026-09-08T10:58:03.767884+08:00 mxy-VMware-Virtual-Platform pkexec: pam_unix(polkit-1:session): session opened for user root(uid=0) by mxy(uid=1000)
2026-09-08T10:58:03.774367+08:00 mxy-VMware-Virtual-Platform pkexec[5974]: mxy: Executing command [USER=root] [TTY=unknown] [CWD=/home/mxy] [COMMAND=/usr/lib/update-notifier/package-system-locked]
2026-09-08T11:05:01.546367+08:00 mxy-VMware-Virtual-Platform CRON[5992]: pam_unix(cron:session): session opened for user root(uid=0) by root(uid=0)
2026-09-08T11:05:01.559199+08:00 mxy-VMware-Virtual-Platform CRON[5992]: pam_unix(cron:session): session closed for user root
2026-09-08T11:13:14.460240+08:00 mxy-VMware-Virtual-Platform gnome-keyring-daemon[1787]: couldn't initialize slot with master password: 密码或 PIN 不正确
2026-09-08T11:13:14.464890+08:00 mxy-VMware-Virtual-Platform gdm-password]: gkr-pam: unlocked login keyring
2026-09-08T11:13:32.721245+08:00 mxy-VMware-Virtual-Platform sudo:      mxy : TTY=pts/2 ; PWD=/home/mxy ; USER=root ; COMMAND=/usr/bin/tcpdump -i any -nn -s 0 -w /home/mxy/case01-core/evidence/win10-to-ubuntu.pcap 'host 10.10.30.10 and host 10.10.30.20 and tcp port 9100'
2026-09-08T11:13:32.724704+08:00 mxy-VMware-Virtual-Platform sudo: pam_unix(sudo:session): session opened for user root(uid=0) by mxy(uid=1000)
2026-09-08T11:13:55.893508+08:00 mxy-VMware-Virtual-Platform sudo: pam_unix(sudo:session): session closed for user root
2026-09-08T11:14:01.456358+08:00 mxy-VMware-Virtual-Platform sudo:      mxy : TTY=pts/2 ; PWD=/home/mxy ; USER=root ; COMMAND=/usr/bin/tcpdump -r /home/mxy/case01-core/evidence/win10-to-ubuntu.pcap -nn
2026-09-08T11:14:01.460198+08:00 mxy-VMware-Virtual-Platform sudo: pam_unix(sudo:session): session opened for user root(uid=0) by mxy(uid=1000)
2026-09-08T11:14:01.483053+08:00 mxy-VMware-Virtual-Platform sudo: pam_unix(sudo:session): session closed for user root
2026-09-08T11:15:01.582716+08:00 mxy-VMware-Virtual-Platform CRON[6162]: pam_unix(cron:session): session opened for user root(uid=0) by root(uid=0)
2026-09-08T11:15:01.596005+08:00 mxy-VMware-Virtual-Platform CRON[6162]: pam_unix(cron:session): session closed for user root
2026-09-08T11:17:01.611905+08:00 mxy-VMware-Virtual-Platform CRON[6165]: pam_unix(cron:session): session opened for user root(uid=0) by root(uid=0)
2026-09-08T11:17:01.624806+08:00 mxy-VMware-Virtual-Platform CRON[6165]: pam_unix(cron:session): session closed for user root
2026-09-08T11:25:01.645347+08:00 mxy-VMware-Virtual-Platform CRON[6196]: pam_unix(cron:session): session opened for user root(uid=0) by root(uid=0)
2026-09-08T11:25:01.660513+08:00 mxy-VMware-Virtual-Platform CRON[6196]: pam_unix(cron:session): session closed for user root
2026-09-08T11:30:01.678797+08:00 mxy-VMware-Virtual-Platform CRON[6205]: pam_unix(cron:session): session opened for user root(uid=0) by root(uid=0)
2026-09-08T11:30:01.686652+08:00 mxy-VMware-Virtual-Platform CRON[6205]: pam_unix(cron:session): session closed for user root
2026-09-08T11:35:01.705483+08:00 mxy-VMware-Virtual-Platform CRON[6214]: pam_unix(cron:session): session opened for user root(uid=0) by root(uid=0)
2026-09-08T11:35:01.718229+08:00 mxy-VMware-Virtual-Platform CRON[6214]: pam_unix(cron:session): session closed for user root
2026-09-08T11:45:01.740884+08:00 mxy-VMware-Virtual-Platform CRON[6234]: pam_unix(cron:session): session opened for user root(uid=0) by root(uid=0)
2026-09-08T11:45:01.752194+08:00 mxy-VMware-Virtual-Platform CRON[6234]: pam_unix(cron:session): session closed for user root
2026-09-08T11:55:01.783655+08:00 mxy-VMware-Virtual-Platform CRON[6245]: pam_unix(cron:session): session opened for user root(uid=0) by root(uid=0)
2026-09-08T11:55:01.796430+08:00 mxy-VMware-Virtual-Platform CRON[6245]: pam_unix(cron:session): session closed for user root
2026-09-08T12:05:01.835562+08:00 mxy-VMware-Virtual-Platform CRON[6327]: pam_unix(cron:session): session opened for user root(uid=0) by root(uid=0)
2026-09-08T12:05:01.852688+08:00 mxy-VMware-Virtual-Platform CRON[6327]: pam_unix(cron:session): session closed for user root
2026-09-08T12:15:01.894717+08:00 mxy-VMware-Virtual-Platform CRON[6339]: pam_unix(cron:session): session opened for user root(uid=0) by root(uid=0)
2026-09-08T12:15:01.911344+08:00 mxy-VMware-Virtual-Platform CRON[6339]: pam_unix(cron:session): session closed for user root
2026-09-08T12:17:01.933151+08:00 mxy-VMware-Virtual-Platform CRON[6342]: pam_unix(cron:session): session opened for user root(uid=0) by root(uid=0)
2026-09-08T12:17:01.960675+08:00 mxy-VMware-Virtual-Platform CRON[6342]: pam_unix(cron:session): session closed for user root
2026-09-08T12:25:01.994182+08:00 mxy-VMware-Virtual-Platform CRON[6351]: pam_unix(cron:session): session opened for user root(uid=0) by root(uid=0)
2026-09-08T12:25:02.008179+08:00 mxy-VMware-Virtual-Platform CRON[6351]: pam_unix(cron:session): session closed for user root
2026-09-08T12:30:01.035213+08:00 mxy-VMware-Virtual-Platform CRON[6354]: pam_unix(cron:session): session opened for user root(uid=0) by root(uid=0)
2026-09-08T12:30:01.051418+08:00 mxy-VMware-Virtual-Platform CRON[6354]: pam_unix(cron:session): session closed for user root
2026-09-08T12:35:01.075342+08:00 mxy-VMware-Virtual-Platform CRON[6365]: pam_unix(cron:session): session opened for user root(uid=0) by root(uid=0)
2026-09-08T12:35:01.102247+08:00 mxy-VMware-Virtual-Platform CRON[6365]: pam_unix(cron:session): session closed for user root
2026-09-08T12:45:01.131592+08:00 mxy-VMware-Virtual-Platform CRON[6382]: pam_unix(cron:session): session opened for user root(uid=0) by root(uid=0)
2026-09-08T12:45:01.146097+08:00 mxy-VMware-Virtual-Platform CRON[6382]: pam_unix(cron:session): session closed for user root
2026-09-08T12:55:01.170098+08:00 mxy-VMware-Virtual-Platform CRON[6390]: pam_unix(cron:session): session opened for user root(uid=0) by root(uid=0)
2026-09-08T12:55:01.185633+08:00 mxy-VMware-Virtual-Platform CRON[6390]: pam_unix(cron:session): session closed for user root
2026-09-08T13:05:01.212867+08:00 mxy-VMware-Virtual-Platform CRON[6403]: pam_unix(cron:session): session opened for user root(uid=0) by root(uid=0)
2026-09-08T13:05:01.230688+08:00 mxy-VMware-Virtual-Platform CRON[6403]: pam_unix(cron:session): session closed for user root
2026-09-08T13:15:01.254022+08:00 mxy-VMware-Virtual-Platform CRON[6422]: pam_unix(cron:session): session opened for user root(uid=0) by root(uid=0)
2026-09-08T13:15:01.265517+08:00 mxy-VMware-Virtual-Platform CRON[6422]: pam_unix(cron:session): session closed for user root
2026-09-08T13:17:01.285382+08:00 mxy-VMware-Virtual-Platform CRON[6428]: pam_unix(cron:session): session opened for user root(uid=0) by root(uid=0)
2026-09-08T13:17:01.305689+08:00 mxy-VMware-Virtual-Platform CRON[6428]: pam_unix(cron:session): session closed for user root
2026-09-08T13:25:01.330806+08:00 mxy-VMware-Virtual-Platform CRON[6437]: pam_unix(cron:session): session opened for user root(uid=0) by root(uid=0)
2026-09-08T13:25:01.343471+08:00 mxy-VMware-Virtual-Platform CRON[6437]: pam_unix(cron:session): session closed for user root
2026-09-08T13:27:04.942292+08:00 mxy-VMware-Virtual-Platform gnome-keyring-daemon[1787]: couldn't initialize slot with master password: 密码或 PIN 不正确
2026-09-08T13:27:04.948627+08:00 mxy-VMware-Virtual-Platform gdm-password]: gkr-pam: unlocked login keyring
2026-09-08T13:29:15.504557+08:00 mxy-VMware-Virtual-Platform polkitd[1264]: Identity `unix-group:admin' is not valid, ignoring: No UNIX group with name admin: No such file or directory
2026-09-08T13:29:18.532113+08:00 mxy-VMware-Virtual-Platform polkitd[1264]: Operator of unix-session:1 successfully authenticated as unix-user:mxy to gain TEMPORARY authorization for action org.gtk.vfs.file-operations for unix-process:6553:1347606 [/usr/bin/gnome-text-editor /home/mxy/case01-core/evidence/audit.log] (owned by unix-user:mxy)
2026-09-08T13:29:44.949704+08:00 mxy-VMware-Virtual-Platform systemd-logind[1293]: The system will reboot now!
2026-09-08T13:29:45.237505+08:00 mxy-VMware-Virtual-Platform systemd-logind[1293]: System is rebooting.
2026-09-08T13:29:45.328306+08:00 mxy-VMware-Virtual-Platform gdm-autologin]: pam_unix(gdm-autologin:session): session closed for user mxy
2026-09-08T13:30:13.429790+08:00 mxy-VMware-Virtual-Platform systemd-logind[1316]: New seat seat0.
2026-09-08T13:30:13.431216+08:00 mxy-VMware-Virtual-Platform systemd-logind[1316]: Watching system buttons on /dev/input/event0 (Power Button)
2026-09-08T13:30:13.431288+08:00 mxy-VMware-Virtual-Platform systemd-logind[1316]: Watching system buttons on /dev/input/event1 (AT Translated Set 2 keyboard)
2026-09-08T13:30:13.430633+08:00 mxy-VMware-Virtual-Platform polkitd[1289]: Loading rules from directory /etc/polkit-1/rules.d
2026-09-08T13:30:13.430975+08:00 mxy-VMware-Virtual-Platform polkitd[1289]: Loading rules from directory /usr/share/polkit-1/rules.d
2026-09-08T13:30:13.500679+08:00 mxy-VMware-Virtual-Platform polkitd[1289]: Finished loading, compiling and executing 16 rules
2026-09-08T13:30:13.510597+08:00 mxy-VMware-Virtual-Platform polkitd[1289]: Acquired the name org.freedesktop.PolicyKit1 on the system bus
2026-09-08T13:30:17.081321+08:00 mxy-VMware-Virtual-Platform gdm-autologin]: gkr-pam: no password is available for user
2026-09-08T13:30:17.212084+08:00 mxy-VMware-Virtual-Platform gdm-autologin]: pam_unix(gdm-autologin:session): session opened for user mxy(uid=1000) by mxy(uid=0)
2026-09-08T13:30:17.362814+08:00 mxy-VMware-Virtual-Platform systemd-logind[1316]: New session 1 of user mxy.
2026-09-08T13:30:17.499260+08:00 mxy-VMware-Virtual-Platform (systemd): pam_unix(systemd-user:session): session opened for user mxy(uid=1000) by mxy(uid=0)
2026-09-08T13:30:18.404461+08:00 mxy-VMware-Virtual-Platform gdm-autologin]: gkr-pam: couldn't unlock the login keyring.
2026-09-08T13:30:19.681034+08:00 mxy-VMware-Virtual-Platform gnome-keyring-daemon[1822]: The PKCS#11 component was already initialized
2026-09-08T13:30:19.682750+08:00 mxy-VMware-Virtual-Platform gnome-keyring-daemon[2018]: discover_other_daemon: 1
2026-09-08T13:30:19.694469+08:00 mxy-VMware-Virtual-Platform gnome-keyring-daemon[1822]: The Secret Service was already initialized
2026-09-08T13:30:19.698801+08:00 mxy-VMware-Virtual-Platform gnome-keyring-daemon[2023]: discover_other_daemon: 1
2026-09-08T13:30:19.733299+08:00 mxy-VMware-Virtual-Platform gnome-keyring-daemon[2025]: discover_other_daemon: 1
2026-09-08T13:30:24.590913+08:00 mxy-VMware-Virtual-Platform polkitd[1289]: Registered Authentication Agent for unix-session:1 (system bus name :1.41 [/usr/bin/gnome-shell], object path /org/freedesktop/PolicyKit1/AuthenticationAgent, locale zh_CN.UTF-8)
2026-09-08T13:31:27.543241+08:00 mxy-VMware-Virtual-Platform pkexec: pam_unix(polkit-1:session): session opened for user root(uid=0) by mxy(uid=1000)
2026-09-08T13:31:27.548129+08:00 mxy-VMware-Virtual-Platform pkexec[2931]: mxy: Executing command [USER=root] [TTY=unknown] [CWD=/home/mxy] [COMMAND=/usr/lib/update-notifier/package-system-locked]
2026-09-08T13:32:58.468014+08:00 mxy-VMware-Virtual-Platform pkexec: pam_unix(polkit-1:session): session opened for user root(uid=0) by mxy(uid=1000)
2026-09-08T13:32:58.474256+08:00 mxy-VMware-Virtual-Platform pkexec[3144]: mxy: Executing command [USER=root] [TTY=unknown] [CWD=/home/mxy] [COMMAND=/usr/libexec/gvfsd-admin --spawner :1.20 /org/gtk/gvfs/exec_spaw/11 --address unix:path=/run/user/1000/bus --dir /run/user/1000]
2026-09-08T13:32:58.775737+08:00 mxy-VMware-Virtual-Platform polkitd[1289]: Identity `unix-group:admin' is not valid, ignoring: No UNIX group with name admin: No such file or directory
2026-09-08T13:33:02.019306+08:00 mxy-VMware-Virtual-Platform polkitd[1289]: Operator of unix-session:1 successfully authenticated as unix-user:mxy to gain TEMPORARY authorization for action org.gtk.vfs.file-operations for unix-process:3121:17836 [/usr/bin/gnome-text-editor /home/mxy/case01-core/logs/access.jsonl] (owned by unix-user:mxy)
2026-09-08T13:35:01.971654+08:00 mxy-VMware-Virtual-Platform CRON[3241]: pam_unix(cron:session): session opened for user root(uid=0) by root(uid=0)
2026-09-08T13:35:02.025031+08:00 mxy-VMware-Virtual-Platform CRON[3241]: pam_unix(cron:session): session closed for user root
2026-09-08T13:40:30.335721+08:00 mxy-VMware-Virtual-Platform systemd-logind[1316]: The system will reboot now!
2026-09-08T13:40:30.457220+08:00 mxy-VMware-Virtual-Platform systemd-logind[1316]: System is rebooting.
2026-09-08T13:40:30.516211+08:00 mxy-VMware-Virtual-Platform gdm-autologin]: pam_unix(gdm-autologin:session): session closed for user mxy
2026-09-08T13:40:56.214208+08:00 mxy-VMware-Virtual-Platform systemd-logind[1309]: New seat seat0.
2026-09-08T13:40:56.214277+08:00 mxy-VMware-Virtual-Platform systemd-logind[1309]: Watching system buttons on /dev/input/event0 (Power Button)
2026-09-08T13:40:56.214314+08:00 mxy-VMware-Virtual-Platform systemd-logind[1309]: Watching system buttons on /dev/input/event1 (AT Translated Set 2 keyboard)
2026-09-08T13:40:56.216254+08:00 mxy-VMware-Virtual-Platform polkitd[1283]: Loading rules from directory /etc/polkit-1/rules.d
2026-09-08T13:40:56.216333+08:00 mxy-VMware-Virtual-Platform polkitd[1283]: Loading rules from directory /usr/share/polkit-1/rules.d
2026-09-08T13:40:56.194466+08:00 mxy-VMware-Virtual-Platform polkitd[1283]: Finished loading, compiling and executing 16 rules
2026-09-08T13:40:56.202956+08:00 mxy-VMware-Virtual-Platform polkitd[1283]: Acquired the name org.freedesktop.PolicyKit1 on the system bus
2026-09-08T13:40:59.664555+08:00 mxy-VMware-Virtual-Platform gdm-autologin]: gkr-pam: no password is available for user
2026-09-08T13:40:59.765131+08:00 mxy-VMware-Virtual-Platform gdm-autologin]: pam_unix(gdm-autologin:session): session opened for user mxy(uid=1000) by mxy(uid=0)
2026-09-08T13:40:59.889321+08:00 mxy-VMware-Virtual-Platform systemd-logind[1309]: New session 1 of user mxy.
2026-09-08T13:41:00.007068+08:00 mxy-VMware-Virtual-Platform (systemd): pam_unix(systemd-user:session): session opened for user mxy(uid=1000) by mxy(uid=0)
2026-09-08T13:41:00.850116+08:00 mxy-VMware-Virtual-Platform gdm-autologin]: gkr-pam: couldn't unlock the login keyring.
2026-09-08T13:41:02.049575+08:00 mxy-VMware-Virtual-Platform gnome-keyring-daemon[1819]: The PKCS#11 component was already initialized
2026-09-08T13:41:02.051336+08:00 mxy-VMware-Virtual-Platform gnome-keyring-daemon[2015]: discover_other_daemon: 1
2026-09-08T13:41:02.053981+08:00 mxy-VMware-Virtual-Platform gnome-keyring-daemon[1819]: The Secret Service was already initialized
2026-09-08T13:41:02.056242+08:00 mxy-VMware-Virtual-Platform gnome-keyring-daemon[2018]: discover_other_daemon: 1
2026-09-08T13:41:02.090304+08:00 mxy-VMware-Virtual-Platform gnome-keyring-daemon[2021]: discover_other_daemon: 1
2026-09-08T13:41:07.069182+08:00 mxy-VMware-Virtual-Platform polkitd[1283]: Registered Authentication Agent for unix-session:1 (system bus name :1.41 [/usr/bin/gnome-shell], object path /org/freedesktop/PolicyKit1/AuthenticationAgent, locale zh_CN.UTF-8)
2026-09-08T13:42:08.716140+08:00 mxy-VMware-Virtual-Platform pkexec: pam_unix(polkit-1:session): session opened for user root(uid=0) by mxy(uid=1000)
2026-09-08T13:42:08.721339+08:00 mxy-VMware-Virtual-Platform pkexec[2922]: mxy: Executing command [USER=root] [TTY=unknown] [CWD=/home/mxy] [COMMAND=/usr/lib/update-notifier/package-system-locked]
2026-09-08T13:45:01.769863+08:00 mxy-VMware-Virtual-Platform CRON[3077]: pam_unix(cron:session): session opened for user root(uid=0) by root(uid=0)
2026-09-08T13:45:01.781723+08:00 mxy-VMware-Virtual-Platform CRON[3077]: pam_unix(cron:session): session closed for user root
2026-09-08T13:47:39.325252+08:00 mxy-VMware-Virtual-Platform systemd-logind[1309]: The system will reboot now!
2026-09-08T13:47:39.356359+08:00 mxy-VMware-Virtual-Platform systemd-logind[1309]: System is rebooting.
2026-09-08T13:47:39.392385+08:00 mxy-VMware-Virtual-Platform gdm-autologin]: pam_unix(gdm-autologin:session): session closed for user mxy
2026-09-08T13:48:04.603038+08:00 mxy-VMware-Virtual-Platform systemd-logind[1321]: New seat seat0.
2026-09-08T13:48:04.604186+08:00 mxy-VMware-Virtual-Platform systemd-logind[1321]: Watching system buttons on /dev/input/event0 (Power Button)
2026-09-08T13:48:04.604353+08:00 mxy-VMware-Virtual-Platform systemd-logind[1321]: Watching system buttons on /dev/input/event1 (AT Translated Set 2 keyboard)
2026-09-08T13:48:04.616613+08:00 mxy-VMware-Virtual-Platform polkitd[1284]: Loading rules from directory /etc/polkit-1/rules.d
2026-09-08T13:48:04.617904+08:00 mxy-VMware-Virtual-Platform polkitd[1284]: Loading rules from directory /usr/share/polkit-1/rules.d
2026-09-08T13:48:04.734848+08:00 mxy-VMware-Virtual-Platform polkitd[1284]: Finished loading, compiling and executing 16 rules
2026-09-08T13:48:04.743068+08:00 mxy-VMware-Virtual-Platform polkitd[1284]: Acquired the name org.freedesktop.PolicyKit1 on the system bus
2026-09-08T13:48:07.943995+08:00 mxy-VMware-Virtual-Platform gdm-autologin]: gkr-pam: no password is available for user
2026-09-08T13:48:08.053243+08:00 mxy-VMware-Virtual-Platform gdm-autologin]: pam_unix(gdm-autologin:session): session opened for user mxy(uid=1000) by mxy(uid=0)
2026-09-08T13:48:08.181822+08:00 mxy-VMware-Virtual-Platform systemd-logind[1321]: New session 1 of user mxy.
2026-09-08T13:48:08.293070+08:00 mxy-VMware-Virtual-Platform (systemd): pam_unix(systemd-user:session): session opened for user mxy(uid=1000) by mxy(uid=0)
2026-09-08T13:48:09.145940+08:00 mxy-VMware-Virtual-Platform gdm-autologin]: gkr-pam: couldn't unlock the login keyring.
2026-09-08T13:48:10.273244+08:00 mxy-VMware-Virtual-Platform gnome-keyring-daemon[1815]: The PKCS#11 component was already initialized
2026-09-08T13:48:10.274282+08:00 mxy-VMware-Virtual-Platform gnome-keyring-daemon[2011]: discover_other_daemon: 1
2026-09-08T13:48:10.286462+08:00 mxy-VMware-Virtual-Platform gnome-keyring-daemon[1815]: The Secret Service was already initialized
2026-09-08T13:48:10.287943+08:00 mxy-VMware-Virtual-Platform gnome-keyring-daemon[2015]: discover_other_daemon: 1
2026-09-08T13:48:10.313168+08:00 mxy-VMware-Virtual-Platform gnome-keyring-daemon[2016]: discover_other_daemon: 1
2026-09-08T13:48:14.991655+08:00 mxy-VMware-Virtual-Platform polkitd[1284]: Registered Authentication Agent for unix-session:1 (system bus name :1.41 [/usr/bin/gnome-shell], object path /org/freedesktop/PolicyKit1/AuthenticationAgent, locale zh_CN.UTF-8)
2026-09-08T13:49:17.964879+08:00 mxy-VMware-Virtual-Platform pkexec: pam_unix(polkit-1:session): session opened for user root(uid=0) by mxy(uid=1000)
2026-09-08T13:49:17.970574+08:00 mxy-VMware-Virtual-Platform pkexec[2955]: mxy: Executing command [USER=root] [TTY=unknown] [CWD=/home/mxy] [COMMAND=/usr/lib/update-notifier/package-system-locked]
2026-09-08T13:50:20.808288+08:00 mxy-VMware-Virtual-Platform pkexec: pam_unix(polkit-1:session): session opened for user root(uid=0) by mxy(uid=1000)
2026-09-08T13:50:20.814458+08:00 mxy-VMware-Virtual-Platform pkexec[3288]: mxy: Executing command [USER=root] [TTY=unknown] [CWD=/home/mxy] [COMMAND=/usr/libexec/gvfsd-admin --spawner :1.20 /org/gtk/gvfs/exec_spaw/2 --address unix:path=/run/user/1000/bus --dir /run/user/1000]
2026-09-08T13:50:21.119210+08:00 mxy-VMware-Virtual-Platform polkitd[1284]: Identity `unix-group:admin' is not valid, ignoring: No UNIX group with name admin: No such file or directory
2026-09-08T13:50:28.179873+08:00 mxy-VMware-Virtual-Platform polkitd[1284]: Operator of unix-session:1 successfully authenticated as unix-user:mxy to gain TEMPORARY authorization for action org.gtk.vfs.file-operations for unix-process:3261:12719 [/usr/bin/gnome-text-editor /home/mxy/case01-core/evidence/audit-file-access.txt] (owned by unix-user:mxy)
2026-09-08T13:55:01.144742+08:00 mxy-VMware-Virtual-Platform CRON[3420]: pam_unix(cron:session): session opened for user root(uid=0) by root(uid=0)
2026-09-08T13:55:01.158511+08:00 mxy-VMware-Virtual-Platform CRON[3420]: pam_unix(cron:session): session closed for user root
2026-09-08T13:59:04.071416+08:00 mxy-VMware-Virtual-Platform systemd-logind[1321]: The system will power off now!
2026-09-08T13:59:04.211754+08:00 mxy-VMware-Virtual-Platform systemd-logind[1321]: System is powering down.
2026-09-08T13:59:04.283080+08:00 mxy-VMware-Virtual-Platform gdm-autologin]: pam_unix(gdm-autologin:session): session closed for user mxy
2026-09-08T14:01:49.194931+08:00 mxy-VMware-Virtual-Platform systemd-logind[1408]: New seat seat0.
2026-09-08T14:01:49.194938+08:00 mxy-VMware-Virtual-Platform systemd-logind[1408]: Watching system buttons on /dev/input/event0 (Power Button)
2026-09-08T14:01:49.194942+08:00 mxy-VMware-Virtual-Platform systemd-logind[1408]: Watching system buttons on /dev/input/event1 (AT Translated Set 2 keyboard)
2026-09-08T14:01:49.237408+08:00 mxy-VMware-Virtual-Platform polkitd[1384]: Loading rules from directory /etc/polkit-1/rules.d
2026-09-08T14:01:49.239271+08:00 mxy-VMware-Virtual-Platform polkitd[1384]: Loading rules from directory /usr/share/polkit-1/rules.d
2026-09-08T14:01:49.267974+08:00 mxy-VMware-Virtual-Platform polkitd[1384]: Finished loading, compiling and executing 16 rules
2026-09-08T14:01:49.274101+08:00 mxy-VMware-Virtual-Platform polkitd[1384]: Acquired the name org.freedesktop.PolicyKit1 on the system bus
2026-09-08T14:01:50.286995+08:00 mxy-VMware-Virtual-Platform gdm-autologin]: gkr-pam: no password is available for user
2026-09-08T14:01:50.357499+08:00 mxy-VMware-Virtual-Platform gdm-autologin]: pam_unix(gdm-autologin:session): session opened for user mxy(uid=1000) by mxy(uid=0)
2026-09-08T14:01:50.388287+08:00 mxy-VMware-Virtual-Platform systemd-logind[1408]: New session 1 of user mxy.
2026-09-08T14:01:50.413301+08:00 mxy-VMware-Virtual-Platform (systemd): pam_unix(systemd-user:session): session opened for user mxy(uid=1000) by mxy(uid=0)
2026-09-08T14:01:50.822844+08:00 mxy-VMware-Virtual-Platform gdm-autologin]: gkr-pam: couldn't unlock the login keyring.
2026-09-08T14:01:51.315556+08:00 mxy-VMware-Virtual-Platform gnome-keyring-daemon[1714]: The PKCS#11 component was already initialized
2026-09-08T14:01:51.341675+08:00 mxy-VMware-Virtual-Platform gnome-keyring-daemon[1714]: The Secret Service was already initialized
2026-09-08T14:01:51.341957+08:00 mxy-VMware-Virtual-Platform gnome-keyring-daemon[1900]: discover_other_daemon: 1
2026-09-08T14:01:51.341975+08:00 mxy-VMware-Virtual-Platform gnome-keyring-daemon[1904]: discover_other_daemon: 1
2026-09-08T14:01:51.342216+08:00 mxy-VMware-Virtual-Platform gnome-keyring-daemon[1907]: discover_other_daemon: 1
2026-09-08T14:01:54.378896+08:00 mxy-VMware-Virtual-Platform polkitd[1384]: Registered Authentication Agent for unix-session:1 (system bus name :1.41 [/usr/bin/gnome-shell], object path /org/freedesktop/PolicyKit1/AuthenticationAgent, locale zh_CN.UTF-8)
2026-09-08T14:02:48.488714+08:00 mxy-VMware-Virtual-Platform pkexec: pam_unix(polkit-1:session): session opened for user root(uid=0) by mxy(uid=1000)
2026-09-08T14:02:48.490091+08:00 mxy-VMware-Virtual-Platform pkexec[2870]: mxy: Executing command [USER=root] [TTY=unknown] [CWD=/home/mxy] [COMMAND=/usr/libexec/gvfsd-admin --spawner :1.19 /org/gtk/gvfs/exec_spaw/2 --address unix:path=/run/user/1000/bus --dir /run/user/1000]
2026-09-08T14:02:48.759130+08:00 mxy-VMware-Virtual-Platform polkitd[1384]: Identity `unix-group:admin' is not valid, ignoring: No UNIX group with name admin: No such file or directory
2026-09-08T14:02:51.645534+08:00 mxy-VMware-Virtual-Platform polkitd[1384]: Operator of unix-session:1 successfully authenticated as unix-user:mxy to gain TEMPORARY authorization for action org.gtk.vfs.file-operations for unix-process:2847:6509 [/usr/bin/gnome-text-editor /home/mxy/case01-core/evidence/audit.log] (owned by unix-user:mxy)
2026-09-08T14:02:56.435290+08:00 mxy-VMware-Virtual-Platform pkexec: pam_unix(polkit-1:session): session opened for user root(uid=0) by mxy(uid=1000)
2026-09-08T14:02:56.437458+08:00 mxy-VMware-Virtual-Platform pkexec[2971]: mxy: Executing command [USER=root] [TTY=unknown] [CWD=/home/mxy] [COMMAND=/usr/lib/update-notifier/package-system-locked]
2026-09-08T14:05:01.034203+08:00 mxy-VMware-Virtual-Platform CRON[3203]: pam_unix(cron:session): session opened for user root(uid=0) by root(uid=0)
2026-09-08T14:05:01.039899+08:00 mxy-VMware-Virtual-Platform CRON[3203]: pam_unix(cron:session): session closed for user root
2026-09-08T14:06:18.704325+08:00 mxy-VMware-Virtual-Platform polkitd[1384]: Identity `unix-group:admin' is not valid, ignoring: No UNIX group with name admin: No such file or directory
2026-09-08T14:06:21.588424+08:00 mxy-VMware-Virtual-Platform polkitd[1384]: Operator of unix-session:1 successfully authenticated as unix-user:mxy to gain TEMPORARY authorization for action org.gtk.vfs.file-operations for unix-process:3349:27483 [/usr/bin/gnome-text-editor /home/mxy/公共/evidence/audit.log] (owned by unix-user:mxy)
2026-09-08T14:15:01.050897+08:00 mxy-VMware-Virtual-Platform CRON[3485]: pam_unix(cron:session): session opened for user root(uid=0) by root(uid=0)
2026-09-08T14:15:01.054921+08:00 mxy-VMware-Virtual-Platform CRON[3485]: pam_unix(cron:session): session closed for user root
2026-09-08T14:17:01.059712+08:00 mxy-VMware-Virtual-Platform CRON[3496]: pam_unix(cron:session): session opened for user root(uid=0) by root(uid=0)
2026-09-08T14:17:01.064753+08:00 mxy-VMware-Virtual-Platform CRON[3496]: pam_unix(cron:session): session closed for user root
2026-09-08T14:23:58.390875+08:00 mxy-VMware-Virtual-Platform gdm-password]: gkr-pam: unlocked login keyring
2026-09-08T14:25:01.099321+08:00 mxy-VMware-Virtual-Platform CRON[4547]: pam_unix(cron:session): session opened for user root(uid=0) by root(uid=0)
2026-09-08T14:25:01.105190+08:00 mxy-VMware-Virtual-Platform CRON[4547]: pam_unix(cron:session): session closed for user root
2026-09-08T14:30:01.117985+08:00 mxy-VMware-Virtual-Platform CRON[4690]: pam_unix(cron:session): session opened for user root(uid=0) by root(uid=0)
2026-09-08T14:30:01.121693+08:00 mxy-VMware-Virtual-Platform CRON[4690]: pam_unix(cron:session): session closed for user root
2026-09-08T14:35:01.128972+08:00 mxy-VMware-Virtual-Platform CRON[4728]: pam_unix(cron:session): session opened for user root(uid=0) by root(uid=0)
2026-09-08T14:35:01.134150+08:00 mxy-VMware-Virtual-Platform CRON[4728]: pam_unix(cron:session): session closed for user root
2026-09-08T14:45:01.196904+08:00 mxy-VMware-Virtual-Platform CRON[4787]: pam_unix(cron:session): session opened for user root(uid=0) by root(uid=0)
2026-09-08T14:45:01.232017+08:00 mxy-VMware-Virtual-Platform CRON[4787]: pam_unix(cron:session): session closed for user root
2026-09-08T14:49:24.794024+08:00 mxy-VMware-Virtual-Platform gdm-password]: gkr-pam: unlocked login keyring
2026-09-08T14:55:01.256620+08:00 mxy-VMware-Virtual-Platform CRON[4964]: pam_unix(cron:session): session opened for user root(uid=0) by root(uid=0)
2026-09-08T14:55:01.262663+08:00 mxy-VMware-Virtual-Platform CRON[4964]: pam_unix(cron:session): session closed for user root
2026-09-08T15:00:40.483115+08:00 mxy-VMware-Virtual-Platform dbus-daemon[1375]: [system] Failed to activate service 'org.bluez': timed out (service_start_timeout=25000ms)
2026-09-08T15:00:48.386114+08:00 mxy-VMware-Virtual-Platform systemd-logind[1408]: The system will power off now!
2026-09-08T15:00:48.924784+08:00 mxy-VMware-Virtual-Platform systemd-logind[1408]: System is powering down.
2026-09-08T15:00:48.954063+08:00 mxy-VMware-Virtual-Platform gdm-autologin]: pam_unix(gdm-autologin:session): session closed for user mxy
2026-09-08T15:06:22.492130+08:00 mxy-VMware-Virtual-Platform systemd-logind[1405]: New seat seat0.
2026-09-08T15:06:22.492228+08:00 mxy-VMware-Virtual-Platform systemd-logind[1405]: Watching system buttons on /dev/input/event0 (Power Button)
2026-09-08T15:06:22.492232+08:00 mxy-VMware-Virtual-Platform systemd-logind[1405]: Watching system buttons on /dev/input/event1 (AT Translated Set 2 keyboard)
2026-09-08T15:06:22.492291+08:00 mxy-VMware-Virtual-Platform polkitd[1379]: Loading rules from directory /etc/polkit-1/rules.d
2026-09-08T15:06:22.492295+08:00 mxy-VMware-Virtual-Platform polkitd[1379]: Loading rules from directory /usr/share/polkit-1/rules.d
2026-09-08T15:06:22.493081+08:00 mxy-VMware-Virtual-Platform polkitd[1379]: Finished loading, compiling and executing 16 rules
2026-09-08T15:06:22.495196+08:00 mxy-VMware-Virtual-Platform polkitd[1379]: Acquired the name org.freedesktop.PolicyKit1 on the system bus
2026-09-08T15:06:23.553408+08:00 mxy-VMware-Virtual-Platform gdm-autologin]: gkr-pam: no password is available for user
2026-09-08T15:06:23.627758+08:00 mxy-VMware-Virtual-Platform gdm-autologin]: pam_unix(gdm-autologin:session): session opened for user mxy(uid=1000) by mxy(uid=0)
2026-09-08T15:06:23.661822+08:00 mxy-VMware-Virtual-Platform systemd-logind[1405]: New session 1 of user mxy.
2026-09-08T15:06:23.694039+08:00 mxy-VMware-Virtual-Platform (systemd): pam_unix(systemd-user:session): session opened for user mxy(uid=1000) by mxy(uid=0)
2026-09-08T15:06:24.089491+08:00 mxy-VMware-Virtual-Platform gdm-autologin]: gkr-pam: couldn't unlock the login keyring.
2026-09-08T15:06:24.628793+08:00 mxy-VMware-Virtual-Platform gnome-keyring-daemon[1694]: The PKCS#11 component was already initialized
2026-09-08T15:06:24.629282+08:00 mxy-VMware-Virtual-Platform gnome-keyring-daemon[1889]: discover_other_daemon: 1
2026-09-08T15:06:24.634833+08:00 mxy-VMware-Virtual-Platform gnome-keyring-daemon[1694]: The Secret Service was already initialized
2026-09-08T15:06:24.635522+08:00 mxy-VMware-Virtual-Platform gnome-keyring-daemon[1892]: discover_other_daemon: 1
2026-09-08T15:06:24.646689+08:00 mxy-VMware-Virtual-Platform gnome-keyring-daemon[1897]: discover_other_daemon: 1
2026-09-08T15:06:27.887942+08:00 mxy-VMware-Virtual-Platform polkitd[1379]: Registered Authentication Agent for unix-session:1 (system bus name :1.41 [/usr/bin/gnome-shell], object path /org/freedesktop/PolicyKit1/AuthenticationAgent, locale zh_CN.UTF-8)
2026-09-08T15:07:29.447293+08:00 mxy-VMware-Virtual-Platform pkexec: pam_unix(polkit-1:session): session opened for user root(uid=0) by mxy(uid=1000)
2026-09-08T15:07:29.449486+08:00 mxy-VMware-Virtual-Platform pkexec[2806]: mxy: Executing command [USER=root] [TTY=unknown] [CWD=/home/mxy] [COMMAND=/usr/lib/update-notifier/package-system-locked]
2026-09-08T15:15:01.230193+08:00 mxy-VMware-Virtual-Platform CRON[5455]: pam_unix(cron:session): session opened for user root(uid=0) by root(uid=0)
2026-09-08T15:15:01.237671+08:00 mxy-VMware-Virtual-Platform CRON[5455]: pam_unix(cron:session): session closed for user root
2026-09-08T15:17:01.243697+08:00 mxy-VMware-Virtual-Platform CRON[5481]: pam_unix(cron:session): session opened for user root(uid=0) by root(uid=0)
2026-09-08T15:17:01.250566+08:00 mxy-VMware-Virtual-Platform CRON[5481]: pam_unix(cron:session): session closed for user root
2026-09-08T15:21:24.518132+08:00 mxy-VMware-Virtual-Platform gdm-password]: gkr-pam: unlocked login keyring
2026-09-08T15:25:01.272114+08:00 mxy-VMware-Virtual-Platform CRON[6590]: pam_unix(cron:session): session opened for user root(uid=0) by root(uid=0)
2026-09-08T15:25:01.278421+08:00 mxy-VMware-Virtual-Platform CRON[6590]: pam_unix(cron:session): session closed for user root
2026-09-08T15:30:01.294602+08:00 mxy-VMware-Virtual-Platform CRON[6628]: pam_unix(cron:session): session opened for user root(uid=0) by root(uid=0)
2026-09-08T15:30:01.297629+08:00 mxy-VMware-Virtual-Platform CRON[6628]: pam_unix(cron:session): session closed for user root
2026-09-08T15:35:01.305689+08:00 mxy-VMware-Virtual-Platform CRON[6741]: pam_unix(cron:session): session opened for user root(uid=0) by root(uid=0)
2026-09-08T15:35:01.310517+08:00 mxy-VMware-Virtual-Platform CRON[6741]: pam_unix(cron:session): session closed for user root
2026-09-08T15:42:27.444048+08:00 mxy-VMware-Virtual-Platform gdm-password]: gkr-pam: unlocked login keyring
2026-09-08T15:45:01.323344+08:00 mxy-VMware-Virtual-Platform CRON[6958]: pam_unix(cron:session): session opened for user root(uid=0) by root(uid=0)
2026-09-08T15:45:01.327636+08:00 mxy-VMware-Virtual-Platform CRON[6958]: pam_unix(cron:session): session closed for user root
2026-09-08T15:55:01.337519+08:00 mxy-VMware-Virtual-Platform CRON[7039]: pam_unix(cron:session): session opened for user root(uid=0) by root(uid=0)
2026-09-08T15:55:01.342274+08:00 mxy-VMware-Virtual-Platform CRON[7039]: pam_unix(cron:session): session closed for user root
2026-09-08T16:05:01.352690+08:00 mxy-VMware-Virtual-Platform CRON[7056]: pam_unix(cron:session): session opened for user root(uid=0) by root(uid=0)
2026-09-08T16:05:01.357244+08:00 mxy-VMware-Virtual-Platform CRON[7056]: pam_unix(cron:session): session closed for user root
2026-09-08T16:15:01.403692+08:00 mxy-VMware-Virtual-Platform CRON[7080]: pam_unix(cron:session): session opened for user root(uid=0) by root(uid=0)
2026-09-08T16:15:01.440222+08:00 mxy-VMware-Virtual-Platform CRON[7080]: pam_unix(cron:session): session closed for user root
2026-09-08T16:17:01.480652+08:00 mxy-VMware-Virtual-Platform CRON[7086]: pam_unix(cron:session): session opened for user root(uid=0) by root(uid=0)
2026-09-08T16:17:01.505175+08:00 mxy-VMware-Virtual-Platform CRON[7086]: pam_unix(cron:session): session closed for user root
2026-09-08T16:18:30.658482+08:00 mxy-VMware-Virtual-Platform dbus-daemon[1371]: [system] Failed to activate service 'org.bluez': timed out (service_start_timeout=25000ms)
2026-09-08T16:21:30.371574+08:00 mxy-VMware-Virtual-Platform gdm-password]: gkr-pam: unlocked login keyring
2026-09-08T16:25:01.544212+08:00 mxy-VMware-Virtual-Platform CRON[7306]: pam_unix(cron:session): session opened for user root(uid=0) by root(uid=0)
2026-09-08T16:25:01.551057+08:00 mxy-VMware-Virtual-Platform CRON[7306]: pam_unix(cron:session): session closed for user root
2026-09-08T16:30:01.561687+08:00 mxy-VMware-Virtual-Platform CRON[7339]: pam_unix(cron:session): session opened for user root(uid=0) by root(uid=0)
2026-09-08T16:30:01.566824+08:00 mxy-VMware-Virtual-Platform CRON[7339]: pam_unix(cron:session): session closed for user root
2026-09-08T16:31:38.162126+08:00 mxy-VMware-Virtual-Platform systemd-logind[1405]: The system will power off now!
2026-09-08T16:31:38.948600+08:00 mxy-VMware-Virtual-Platform systemd-logind[1405]: System is powering down.
2026-09-08T16:31:38.996484+08:00 mxy-VMware-Virtual-Platform gdm-autologin]: pam_unix(gdm-autologin:session): session closed for user mxy
2026-09-08T16:43:11.448384+08:00 mxy-VMware-Virtual-Platform systemd-logind[1417]: New seat seat0.
2026-09-08T16:43:11.448388+08:00 mxy-VMware-Virtual-Platform systemd-logind[1417]: Watching system buttons on /dev/input/event0 (Power Button)
2026-09-08T16:43:11.448391+08:00 mxy-VMware-Virtual-Platform systemd-logind[1417]: Watching system buttons on /dev/input/event1 (AT Translated Set 2 keyboard)
2026-09-08T16:43:11.456183+08:00 mxy-VMware-Virtual-Platform polkitd[1390]: Loading rules from directory /etc/polkit-1/rules.d
2026-09-08T16:43:11.456828+08:00 mxy-VMware-Virtual-Platform polkitd[1390]: Loading rules from directory /usr/share/polkit-1/rules.d
2026-09-08T16:43:11.501290+08:00 mxy-VMware-Virtual-Platform polkitd[1390]: Finished loading, compiling and executing 16 rules
2026-09-08T16:43:11.511827+08:00 mxy-VMware-Virtual-Platform polkitd[1390]: Acquired the name org.freedesktop.PolicyKit1 on the system bus
2026-09-08T16:43:12.627361+08:00 mxy-VMware-Virtual-Platform gdm-autologin]: gkr-pam: no password is available for user
2026-09-08T16:43:12.691264+08:00 mxy-VMware-Virtual-Platform gdm-autologin]: pam_unix(gdm-autologin:session): session opened for user mxy(uid=1000) by mxy(uid=0)
2026-09-08T16:43:12.705525+08:00 mxy-VMware-Virtual-Platform systemd-logind[1417]: New session 1 of user mxy.
2026-09-08T16:43:12.749639+08:00 mxy-VMware-Virtual-Platform (systemd): pam_unix(systemd-user:session): session opened for user mxy(uid=1000) by mxy(uid=0)
2026-09-08T16:43:13.130815+08:00 mxy-VMware-Virtual-Platform gdm-autologin]: gkr-pam: couldn't unlock the login keyring.
2026-09-08T16:43:13.648954+08:00 mxy-VMware-Virtual-Platform gnome-keyring-daemon[1722]: The Secret Service was already initialized
2026-09-08T16:43:13.649220+08:00 mxy-VMware-Virtual-Platform gnome-keyring-daemon[1903]: discover_other_daemon: 1
2026-09-08T16:43:13.651612+08:00 mxy-VMware-Virtual-Platform gnome-keyring-daemon[1722]: The PKCS#11 component was already initialized
2026-09-08T16:43:13.652116+08:00 mxy-VMware-Virtual-Platform gnome-keyring-daemon[1905]: discover_other_daemon: 1
2026-09-08T16:43:13.670596+08:00 mxy-VMware-Virtual-Platform gnome-keyring-daemon[1909]: discover_other_daemon: 1
2026-09-08T16:43:16.832113+08:00 mxy-VMware-Virtual-Platform polkitd[1390]: Registered Authentication Agent for unix-session:1 (system bus name :1.41 [/usr/bin/gnome-shell], object path /org/freedesktop/PolicyKit1/AuthenticationAgent, locale zh_CN.UTF-8)
2026-09-08T16:44:19.660459+08:00 mxy-VMware-Virtual-Platform pkexec: pam_unix(polkit-1:session): session opened for user root(uid=0) by mxy(uid=1000)
2026-09-08T16:44:19.665967+08:00 mxy-VMware-Virtual-Platform pkexec[3647]: mxy: Executing command [USER=root] [TTY=unknown] [CWD=/home/mxy] [COMMAND=/usr/lib/update-notifier/package-system-locked]
2026-09-08T16:45:01.216458+08:00 mxy-VMware-Virtual-Platform CRON[3704]: pam_unix(cron:session): session opened for user root(uid=0) by root(uid=0)
2026-09-08T16:45:01.222161+08:00 mxy-VMware-Virtual-Platform CRON[3704]: pam_unix(cron:session): session closed for user root
2026-09-08T16:55:01.269645+08:00 mxy-VMware-Virtual-Platform CRON[3868]: pam_unix(cron:session): session opened for user root(uid=0) by root(uid=0)
2026-09-08T16:55:01.286353+08:00 mxy-VMware-Virtual-Platform CRON[3868]: pam_unix(cron:session): session closed for user root
2026-09-08T17:05:01.310005+08:00 mxy-VMware-Virtual-Platform CRON[4002]: pam_unix(cron:session): session opened for user root(uid=0) by root(uid=0)
2026-09-08T17:05:01.314947+08:00 mxy-VMware-Virtual-Platform CRON[4002]: pam_unix(cron:session): session closed for user root
2026-09-08T17:05:04.143732+08:00 mxy-VMware-Virtual-Platform gdm-password]: gkr-pam: unlocked login keyring
2026-09-08T17:15:01.332623+08:00 mxy-VMware-Virtual-Platform CRON[4145]: pam_unix(cron:session): session opened for user root(uid=0) by root(uid=0)
2026-09-08T17:15:01.338718+08:00 mxy-VMware-Virtual-Platform CRON[4145]: pam_unix(cron:session): session closed for user root
2026-09-08T17:17:01.348003+08:00 mxy-VMware-Virtual-Platform CRON[4150]: pam_unix(cron:session): session opened for user root(uid=0) by root(uid=0)
2026-09-08T17:17:01.358126+08:00 mxy-VMware-Virtual-Platform CRON[4150]: pam_unix(cron:session): session closed for user root
2026-09-08T17:25:01.370947+08:00 mxy-VMware-Virtual-Platform CRON[4161]: pam_unix(cron:session): session opened for user root(uid=0) by root(uid=0)
2026-09-08T17:25:01.375047+08:00 mxy-VMware-Virtual-Platform CRON[4161]: pam_unix(cron:session): session closed for user root
2026-09-08T17:30:01.383814+08:00 mxy-VMware-Virtual-Platform CRON[4210]: pam_unix(cron:session): session opened for user root(uid=0) by root(uid=0)
2026-09-08T17:30:01.387718+08:00 mxy-VMware-Virtual-Platform CRON[4210]: pam_unix(cron:session): session closed for user root
2026-09-08T17:30:03.179644+08:00 mxy-VMware-Virtual-Platform gdm-password]: gkr-pam: unlocked login keyring
2026-09-08T17:35:01.406960+08:00 mxy-VMware-Virtual-Platform CRON[4368]: pam_unix(cron:session): session opened for user root(uid=0) by root(uid=0)
2026-09-08T17:35:01.415587+08:00 mxy-VMware-Virtual-Platform CRON[4368]: pam_unix(cron:session): session closed for user root
2026-09-08T17:42:03.699533+08:00 mxy-VMware-Virtual-Platform sudo:      mxy : TTY=pts/1 ; PWD=/home/mxy ; USER=root ; COMMAND=/usr/bin/systemctl is-active auditd
2026-09-08T17:42:03.705260+08:00 mxy-VMware-Virtual-Platform sudo: pam_unix(sudo:session): session opened for user root(uid=0) by mxy(uid=1000)
2026-09-08T17:42:03.731081+08:00 mxy-VMware-Virtual-Platform sudo: pam_unix(sudo:session): session closed for user root
2026-09-08T17:42:03.742044+08:00 mxy-VMware-Virtual-Platform sudo:      mxy : TTY=pts/1 ; PWD=/home/mxy ; USER=root ; COMMAND=/usr/sbin/auditctl -s
2026-09-08T17:42:03.745991+08:00 mxy-VMware-Virtual-Platform sudo: pam_unix(sudo:session): session opened for user root(uid=0) by mxy(uid=1000)
2026-09-08T17:42:03.761350+08:00 mxy-VMware-Virtual-Platform sudo: pam_unix(sudo:session): session closed for user root
2026-09-08T17:42:19.752446+08:00 mxy-VMware-Virtual-Platform sudo:      mxy : TTY=pts/1 ; PWD=/home/mxy ; USER=root ; COMMAND=/usr/bin/tcpdump -i any -nn -s 0 -w /home/mxy/case01-core/evidence/case01-demo.pcap 'host 10.10.30.10 and host 10.10.20.10 or host 10.10.30.10 and host 10.10.20.20 or host 10.10.30.10 and host 10.10.10.20'
2026-09-08T17:42:19.755587+08:00 mxy-VMware-Virtual-Platform sudo: pam_unix(sudo:session): session opened for user root(uid=0) by mxy(uid=1000)
2026-09-08T17:45:01.435785+08:00 mxy-VMware-Virtual-Platform CRON[4559]: pam_unix(cron:session): session opened for user root(uid=0) by root(uid=0)
2026-09-08T17:45:01.441788+08:00 mxy-VMware-Virtual-Platform CRON[4559]: pam_unix(cron:session): session closed for user root
2026-09-08T17:53:38.846654+08:00 mxy-VMware-Virtual-Platform dbus-daemon[1384]: [system] Failed to activate service 'org.bluez': timed out (service_start_timeout=25000ms)
2026-09-08T17:55:01.454429+08:00 mxy-VMware-Virtual-Platform CRON[4626]: pam_unix(cron:session): session opened for user root(uid=0) by root(uid=0)
2026-09-08T17:55:01.464597+08:00 mxy-VMware-Virtual-Platform CRON[4626]: pam_unix(cron:session): session closed for user root
2026-09-08T18:05:01.531358+08:00 mxy-VMware-Virtual-Platform CRON[4730]: pam_unix(cron:session): session opened for user root(uid=0) by root(uid=0)
2026-09-08T18:05:01.570149+08:00 mxy-VMware-Virtual-Platform CRON[4730]: pam_unix(cron:session): session closed for user root
2026-09-08T18:15:01.625733+08:00 mxy-VMware-Virtual-Platform CRON[4774]: pam_unix(cron:session): session opened for user root(uid=0) by root(uid=0)
2026-09-08T18:15:01.633981+08:00 mxy-VMware-Virtual-Platform CRON[4774]: pam_unix(cron:session): session closed for user root
2026-09-08T18:17:01.647273+08:00 mxy-VMware-Virtual-Platform CRON[4777]: pam_unix(cron:session): session opened for user root(uid=0) by root(uid=0)
2026-09-08T18:17:01.666674+08:00 mxy-VMware-Virtual-Platform CRON[4777]: pam_unix(cron:session): session closed for user root
2026-09-08T18:25:01.678916+08:00 mxy-VMware-Virtual-Platform CRON[4787]: pam_unix(cron:session): session opened for user root(uid=0) by root(uid=0)
2026-09-08T18:25:01.686214+08:00 mxy-VMware-Virtual-Platform CRON[4787]: pam_unix(cron:session): session closed for user root
2026-09-08T18:30:01.697305+08:00 mxy-VMware-Virtual-Platform CRON[4804]: pam_unix(cron:session): session opened for user root(uid=0) by root(uid=0)
2026-09-08T18:30:01.703792+08:00 mxy-VMware-Virtual-Platform CRON[4804]: pam_unix(cron:session): session closed for user root
2026-09-08T18:35:01.712454+08:00 mxy-VMware-Virtual-Platform CRON[4828]: pam_unix(cron:session): session opened for user root(uid=0) by root(uid=0)
2026-09-08T18:35:01.718298+08:00 mxy-VMware-Virtual-Platform CRON[4828]: pam_unix(cron:session): session closed for user root
2026-09-08T18:45:01.729705+08:00 mxy-VMware-Virtual-Platform CRON[4862]: pam_unix(cron:session): session opened for user root(uid=0) by root(uid=0)
2026-09-08T18:45:01.737645+08:00 mxy-VMware-Virtual-Platform CRON[4862]: pam_unix(cron:session): session closed for user root
2026-09-08T18:55:01.751322+08:00 mxy-VMware-Virtual-Platform CRON[4892]: pam_unix(cron:session): session opened for user root(uid=0) by root(uid=0)
2026-09-08T18:55:01.763016+08:00 mxy-VMware-Virtual-Platform CRON[4892]: pam_unix(cron:session): session closed for user root
2026-09-08T19:05:01.779983+08:00 mxy-VMware-Virtual-Platform CRON[4920]: pam_unix(cron:session): session opened for user root(uid=0) by root(uid=0)
2026-09-08T19:05:01.792374+08:00 mxy-VMware-Virtual-Platform CRON[4920]: pam_unix(cron:session): session closed for user root
2026-09-08T19:15:01.838745+08:00 mxy-VMware-Virtual-Platform CRON[4952]: pam_unix(cron:session): session opened for user root(uid=0) by root(uid=0)
2026-09-08T19:15:01.863852+08:00 mxy-VMware-Virtual-Platform CRON[4952]: pam_unix(cron:session): session closed for user root
2026-09-08T19:15:34.404408+08:00 mxy-VMware-Virtual-Platform gdm-password]: gkr-pam: unlocked login keyring
2026-09-08T19:17:01.876437+08:00 mxy-VMware-Virtual-Platform CRON[5087]: pam_unix(cron:session): session opened for user root(uid=0) by root(uid=0)
2026-09-08T19:17:01.887675+08:00 mxy-VMware-Virtual-Platform CRON[5087]: pam_unix(cron:session): session closed for user root
2026-09-08T19:17:47.131101+08:00 mxy-VMware-Virtual-Platform sudo:      mxy : TTY=pts/3 ; PWD=/home/mxy ; USER=root ; COMMAND=/usr/sbin/auditctl -l
2026-09-08T19:17:47.138624+08:00 mxy-VMware-Virtual-Platform sudo: pam_unix(sudo:session): session opened for user root(uid=0) by mxy(uid=1000)
2026-09-08T19:17:47.144753+08:00 mxy-VMware-Virtual-Platform sudo: pam_unix(sudo:session): session closed for user root
2026-09-08T19:18:05.377378+08:00 mxy-VMware-Virtual-Platform sudo:      mxy : TTY=pts/3 ; PWD=/home/mxy ; USER=root ; COMMAND=/usr/sbin/auditctl -a always,exit -F arch=b64 -S execve -k case01_process
2026-09-08T19:18:05.378217+08:00 mxy-VMware-Virtual-Platform sudo: pam_unix(sudo:session): session opened for user root(uid=0) by mxy(uid=1000)
2026-09-08T19:18:05.385725+08:00 mxy-VMware-Virtual-Platform sudo: pam_unix(sudo:session): session closed for user root
2026-09-08T19:18:05.394546+08:00 mxy-VMware-Virtual-Platform sudo:      mxy : TTY=pts/3 ; PWD=/home/mxy ; USER=root ; COMMAND=/usr/sbin/auditctl -a always,exit -F arch=b64 -S openat,creat,unlink,rename -k case01_file
2026-09-08T19:18:05.396158+08:00 mxy-VMware-Virtual-Platform sudo: pam_unix(sudo:session): session opened for user root(uid=0) by mxy(uid=1000)
2026-09-08T19:18:05.401132+08:00 mxy-VMware-Virtual-Platform sudo: pam_unix(sudo:session): session closed for user root
2026-09-08T19:18:05.433238+08:00 mxy-VMware-Virtual-Platform sudo:      mxy : TTY=pts/3 ; PWD=/home/mxy ; USER=root ; COMMAND=/usr/sbin/auditctl -a always,exit -F arch=b64 -S connect,accept,bind -k case01_network
2026-09-08T19:18:05.442330+08:00 mxy-VMware-Virtual-Platform sudo: pam_unix(sudo:session): session opened for user root(uid=0) by mxy(uid=1000)
2026-09-08T19:18:05.449232+08:00 mxy-VMware-Virtual-Platform sudo: pam_unix(sudo:session): session closed for user root
2026-09-08T19:18:19.926323+08:00 mxy-VMware-Virtual-Platform sudo:      mxy : TTY=pts/3 ; PWD=/home/mxy ; USER=root ; COMMAND=/usr/sbin/auditctl -l
2026-09-08T19:18:19.927117+08:00 mxy-VMware-Virtual-Platform sudo: pam_unix(sudo:session): session opened for user root(uid=0) by mxy(uid=1000)
2026-09-08T19:18:19.931391+08:00 mxy-VMware-Virtual-Platform sudo: pam_unix(sudo:session): session closed for user root
2026-09-08T19:20:58.857602+08:00 mxy-VMware-Virtual-Platform sudo:      mxy : TTY=pts/3 ; PWD=/home/mxy ; USER=root ; COMMAND=/usr/sbin/auditctl -d always,exit -F arch=b64 -S execve -F auid>=1000 -F auid!=-1 -F key=case01_process_exec
2026-09-08T19:20:58.861337+08:00 mxy-VMware-Virtual-Platform sudo: pam_unix(sudo:session): session opened for user root(uid=0) by mxy(uid=1000)
2026-09-08T19:20:58.862250+08:00 mxy-VMware-Virtual-Platform sudo: pam_unix(sudo:session): session closed for user root
2026-09-08T19:21:07.343028+08:00 mxy-VMware-Virtual-Platform sudo:      mxy : TTY=pts/3 ; PWD=/home/mxy ; USER=root ; COMMAND=/usr/sbin/auditctl -l
2026-09-08T19:21:07.348205+08:00 mxy-VMware-Virtual-Platform sudo: pam_unix(sudo:session): session opened for user root(uid=0) by mxy(uid=1000)
2026-09-08T19:21:07.351117+08:00 mxy-VMware-Virtual-Platform sudo: pam_unix(sudo:session): session closed for user root
2026-09-08T19:25:01.900475+08:00 mxy-VMware-Virtual-Platform CRON[5151]: pam_unix(cron:session): session opened for user root(uid=0) by root(uid=0)
2026-09-08T19:25:01.905920+08:00 mxy-VMware-Virtual-Platform CRON[5151]: pam_unix(cron:session): session closed for user root
2026-09-08T19:30:01.920118+08:00 mxy-VMware-Virtual-Platform CRON[5172]: pam_unix(cron:session): session opened for user root(uid=0) by root(uid=0)
2026-09-08T19:30:01.923558+08:00 mxy-VMware-Virtual-Platform CRON[5172]: pam_unix(cron:session): session closed for user root
2026-09-08T19:35:01.932763+08:00 mxy-VMware-Virtual-Platform CRON[5208]: pam_unix(cron:session): session opened for user root(uid=0) by root(uid=0)
2026-09-08T19:35:01.942029+08:00 mxy-VMware-Virtual-Platform CRON[5208]: pam_unix(cron:session): session closed for user root
2026-09-08T19:45:01.957697+08:00 mxy-VMware-Virtual-Platform CRON[5238]: pam_unix(cron:session): session opened for user root(uid=0) by root(uid=0)
2026-09-08T19:45:01.964095+08:00 mxy-VMware-Virtual-Platform CRON[5238]: pam_unix(cron:session): session closed for user root
2026-09-08T19:55:01.976648+08:00 mxy-VMware-Virtual-Platform CRON[5280]: pam_unix(cron:session): session opened for user root(uid=0) by root(uid=0)
2026-09-08T19:55:01.980742+08:00 mxy-VMware-Virtual-Platform CRON[5280]: pam_unix(cron:session): session closed for user root
2026-09-08T20:05:01.991747+08:00 mxy-VMware-Virtual-Platform CRON[5316]: pam_unix(cron:session): session opened for user root(uid=0) by root(uid=0)
2026-09-08T20:05:01.995809+08:00 mxy-VMware-Virtual-Platform CRON[5316]: pam_unix(cron:session): session closed for user root
2026-09-08T20:15:01.016539+08:00 mxy-VMware-Virtual-Platform CRON[5347]: pam_unix(cron:session): session opened for user root(uid=0) by root(uid=0)
2026-09-08T20:15:01.029549+08:00 mxy-VMware-Virtual-Platform CRON[5347]: pam_unix(cron:session): session closed for user root
2026-09-08T20:17:01.043511+08:00 mxy-VMware-Virtual-Platform CRON[5356]: pam_unix(cron:session): session opened for user root(uid=0) by root(uid=0)
2026-09-08T20:17:01.064519+08:00 mxy-VMware-Virtual-Platform CRON[5356]: pam_unix(cron:session): session closed for user root
2026-09-08T20:25:01.076186+08:00 mxy-VMware-Virtual-Platform CRON[5382]: pam_unix(cron:session): session opened for user root(uid=0) by root(uid=0)
2026-09-08T20:25:01.104212+08:00 mxy-VMware-Virtual-Platform CRON[5382]: pam_unix(cron:session): session closed for user root
2026-09-08T20:27:51.865406+08:00 mxy-VMware-Virtual-Platform gdm-password]: gkr-pam: unlocked login keyring
2026-09-08T20:28:16.772860+08:00 mxy-VMware-Virtual-Platform sudo:      mxy : TTY=pts/3 ; PWD=/home/mxy ; USER=root ; COMMAND=/usr/bin/tcpdump -i ens33 -nn -s 0 -w /home/mxy/case01-evidence/CASE01-RUN-01/core-traffic.pcap '(host 10.10.20.10 or host 10.10.30.10 or host 10.10.10.20)'
2026-09-08T20:28:16.781411+08:00 mxy-VMware-Virtual-Platform sudo: pam_unix(sudo:session): session opened for user root(uid=0) by mxy(uid=1000)
2026-09-08T20:30:01.116780+08:00 mxy-VMware-Virtual-Platform CRON[5536]: pam_unix(cron:session): session opened for user root(uid=0) by root(uid=0)
2026-09-08T20:30:01.121730+08:00 mxy-VMware-Virtual-Platform CRON[5536]: pam_unix(cron:session): session closed for user root
2026-09-08T20:35:01.130960+08:00 mxy-VMware-Virtual-Platform CRON[5556]: pam_unix(cron:session): session opened for user root(uid=0) by root(uid=0)
2026-09-08T20:35:01.138755+08:00 mxy-VMware-Virtual-Platform CRON[5556]: pam_unix(cron:session): session closed for user root
2026-09-08T20:45:01.192026+08:00 mxy-VMware-Virtual-Platform CRON[5601]: pam_unix(cron:session): session opened for user root(uid=0) by root(uid=0)
2026-09-08T20:45:01.237073+08:00 mxy-VMware-Virtual-Platform CRON[5601]: pam_unix(cron:session): session closed for user root
2026-09-08T20:55:01.268946+08:00 mxy-VMware-Virtual-Platform CRON[5626]: pam_unix(cron:session): session opened for user root(uid=0) by root(uid=0)
2026-09-08T20:55:01.304624+08:00 mxy-VMware-Virtual-Platform CRON[5626]: pam_unix(cron:session): session closed for user root
2026-09-08T21:05:01.378711+08:00 mxy-VMware-Virtual-Platform CRON[5704]: pam_unix(cron:session): session opened for user root(uid=0) by root(uid=0)
2026-09-08T21:05:01.427277+08:00 mxy-VMware-Virtual-Platform CRON[5704]: pam_unix(cron:session): session closed for user root
2026-09-08T21:15:01.453756+08:00 mxy-VMware-Virtual-Platform CRON[5715]: pam_unix(cron:session): session opened for user root(uid=0) by root(uid=0)
2026-09-08T21:15:01.475550+08:00 mxy-VMware-Virtual-Platform CRON[5715]: pam_unix(cron:session): session closed for user root
2026-09-08T21:17:01.487987+08:00 mxy-VMware-Virtual-Platform CRON[5719]: pam_unix(cron:session): session opened for user root(uid=0) by root(uid=0)
2026-09-08T21:17:01.504358+08:00 mxy-VMware-Virtual-Platform CRON[5719]: pam_unix(cron:session): session closed for user root
2026-09-08T21:25:01.526160+08:00 mxy-VMware-Virtual-Platform CRON[5739]: pam_unix(cron:session): session opened for user root(uid=0) by root(uid=0)
2026-09-08T21:25:01.537393+08:00 mxy-VMware-Virtual-Platform CRON[5739]: pam_unix(cron:session): session closed for user root
2026-09-08T21:30:01.593867+08:00 mxy-VMware-Virtual-Platform CRON[5754]: pam_unix(cron:session): session opened for user root(uid=0) by root(uid=0)
2026-09-08T21:30:01.613976+08:00 mxy-VMware-Virtual-Platform CRON[5754]: pam_unix(cron:session): session closed for user root
2026-09-08T21:35:01.667664+08:00 mxy-VMware-Virtual-Platform CRON[5778]: pam_unix(cron:session): session opened for user root(uid=0) by root(uid=0)
2026-09-08T21:35:01.697847+08:00 mxy-VMware-Virtual-Platform CRON[5778]: pam_unix(cron:session): session closed for user root
2026-09-08T21:42:35.220564+08:00 mxy-VMware-Virtual-Platform gdm-password]: gkr-pam: unlocked login keyring
2026-09-08T21:43:04.402464+08:00 mxy-VMware-Virtual-Platform sudo:      mxy : TTY=pts/5 ; PWD=/home/mxy ; USER=root ; COMMAND=/usr/bin/systemctl enable --now ssh
2026-09-08T21:43:04.407665+08:00 mxy-VMware-Virtual-Platform sudo: pam_unix(sudo:session): session opened for user root(uid=0) by mxy(uid=1000)
2026-09-08T21:43:06.306884+08:00 mxy-VMware-Virtual-Platform sshd[6349]: Server listening on :: port 9981.
2026-09-08T21:43:06.311802+08:00 mxy-VMware-Virtual-Platform sudo: pam_unix(sudo:session): session closed for user root
2026-09-08T21:43:06.332661+08:00 mxy-VMware-Virtual-Platform sudo:      mxy : TTY=pts/5 ; PWD=/home/mxy ; USER=root ; COMMAND=/usr/bin/systemctl enable --now auditd
2026-09-08T21:43:06.335085+08:00 mxy-VMware-Virtual-Platform sudo: pam_unix(sudo:session): session opened for user root(uid=0) by mxy(uid=1000)
2026-09-08T21:43:07.903054+08:00 mxy-VMware-Virtual-Platform sudo: pam_unix(sudo:session): session closed for user root
2026-09-08T21:43:18.833019+08:00 mxy-VMware-Virtual-Platform sudo:      mxy : TTY=pts/5 ; PWD=/home/mxy ; USER=root ; COMMAND=/usr/sbin/adduser --disabled-password --gecos  case01demo
2026-09-08T21:43:18.839774+08:00 mxy-VMware-Virtual-Platform sudo: pam_unix(sudo:session): session opened for user root(uid=0) by mxy(uid=1000)
2026-09-08T21:43:18.947843+08:00 mxy-VMware-Virtual-Platform groupadd[6883]: group added to /etc/group: name=case01demo, GID=1001
2026-09-08T21:43:18.951980+08:00 mxy-VMware-Virtual-Platform groupadd[6883]: group added to /etc/gshadow: name=case01demo
2026-09-08T21:43:18.956723+08:00 mxy-VMware-Virtual-Platform groupadd[6883]: new group: name=case01demo, GID=1001
2026-09-08T21:43:19.009549+08:00 mxy-VMware-Virtual-Platform useradd[6890]: new user: name=case01demo, UID=1001, GID=1001, home=/home/case01demo, shell=/bin/bash, from=/dev/pts/6
2026-09-08T21:43:19.074338+08:00 mxy-VMware-Virtual-Platform chfn[6903]: changed user 'case01demo' information
2026-09-08T21:43:19.100178+08:00 mxy-VMware-Virtual-Platform gpasswd[6911]: members of group users set by root to mxy,case01demo
2026-09-08T21:43:19.103368+08:00 mxy-VMware-Virtual-Platform sudo: pam_unix(sudo:session): session closed for user root
2026-09-08T21:43:19.116385+08:00 mxy-VMware-Virtual-Platform sudo:      mxy : TTY=pts/5 ; PWD=/home/mxy ; USER=root ; COMMAND=/usr/bin/passwd case01demo
2026-09-08T21:43:19.117837+08:00 mxy-VMware-Virtual-Platform sudo: pam_unix(sudo:session): session opened for user root(uid=0) by mxy(uid=1000)
2026-09-08T21:44:10.667434+08:00 mxy-VMware-Virtual-Platform passwd[6919]: pam_unix(passwd:chauthtok): password changed for case01demo
2026-09-08T21:44:10.669692+08:00 mxy-VMware-Virtual-Platform passwd[6919]: gkr-pam: couldn't update the login keyring password: no old password was entered
2026-09-08T21:44:10.670180+08:00 mxy-VMware-Virtual-Platform sudo: pam_unix(sudo:session): session closed for user root
2026-09-08T21:44:31.144676+08:00 mxy-VMware-Virtual-Platform sudo:      mxy : TTY=pts/5 ; PWD=/home/mxy ; USER=root ; COMMAND=/usr/sbin/auditctl -w /home/mxy/case01-core/data/finance_demo.txt -p r -k case01_lateral_file
2026-09-08T21:44:31.146641+08:00 mxy-VMware-Virtual-Platform sudo: pam_unix(sudo:session): session opened for user root(uid=0) by mxy(uid=1000)
2026-09-08T21:44:31.157824+08:00 mxy-VMware-Virtual-Platform sudo: pam_unix(sudo:session): session closed for user root
2026-09-08T21:44:31.171321+08:00 mxy-VMware-Virtual-Platform sudo:      mxy : TTY=pts/5 ; PWD=/home/mxy ; USER=root ; COMMAND=/usr/sbin/auditctl -a always,exit -F arch=b64 -S execve -F auid>=1000 -F auid!=-1 -F key=case01_lateral_exec
2026-09-08T21:44:31.172658+08:00 mxy-VMware-Virtual-Platform sudo: pam_unix(sudo:session): session opened for user root(uid=0) by mxy(uid=1000)
2026-09-08T21:44:31.177269+08:00 mxy-VMware-Virtual-Platform sudo: pam_unix(sudo:session): session closed for user root
2026-09-08T21:44:39.661967+08:00 mxy-VMware-Virtual-Platform sudo:      mxy : TTY=pts/5 ; PWD=/home/mxy ; USER=root ; COMMAND=/usr/bin/ss -lntp
2026-09-08T21:44:39.663760+08:00 mxy-VMware-Virtual-Platform sudo: pam_unix(sudo:session): session opened for user root(uid=0) by mxy(uid=1000)
2026-09-08T21:44:39.926040+08:00 mxy-VMware-Virtual-Platform sudo: pam_unix(sudo:session): session closed for user root
2026-09-08T21:44:39.936146+08:00 mxy-VMware-Virtual-Platform sudo:      mxy : TTY=pts/5 ; PWD=/home/mxy ; USER=root ; COMMAND=/usr/sbin/auditctl -l
2026-09-08T21:44:39.938342+08:00 mxy-VMware-Virtual-Platform sudo: pam_unix(sudo:session): session opened for user root(uid=0) by mxy(uid=1000)
2026-09-08T21:44:39.939938+08:00 mxy-VMware-Virtual-Platform sudo: pam_unix(sudo:session): session closed for user root
2026-09-08T21:45:01.711453+08:00 mxy-VMware-Virtual-Platform CRON[6948]: pam_unix(cron:session): session opened for user root(uid=0) by root(uid=0)
2026-09-08T21:45:01.714815+08:00 mxy-VMware-Virtual-Platform CRON[6948]: pam_unix(cron:session): session closed for user root
2026-09-08T21:45:33.217126+08:00 mxy-VMware-Virtual-Platform sudo:      mxy : TTY=pts/5 ; PWD=/home/mxy ; USER=root ; COMMAND=/usr/bin/ss -lntp
2026-09-08T21:45:33.219374+08:00 mxy-VMware-Virtual-Platform sudo: pam_unix(sudo:session): session opened for user root(uid=0) by mxy(uid=1000)
2026-09-08T21:45:33.257081+08:00 mxy-VMware-Virtual-Platform sudo: pam_unix(sudo:session): session closed for user root
2026-09-08T21:48:08.094353+08:00 mxy-VMware-Virtual-Platform sudo:      mxy : TTY=pts/5 ; PWD=/home/mxy ; USER=root ; COMMAND=/usr/bin/apt install -y openssh-server
2026-09-08T21:48:08.099077+08:00 mxy-VMware-Virtual-Platform sudo: pam_unix(sudo:session): session opened for user root(uid=0) by mxy(uid=1000)
2026-09-08T21:48:15.269817+08:00 mxy-VMware-Virtual-Platform sshd[6349]: Received signal 15; terminating.
2026-09-08T21:48:21.935668+08:00 mxy-VMware-Virtual-Platform sudo: pam_unix(sudo:session): session closed for user root
2026-09-08T21:48:21.961246+08:00 mxy-VMware-Virtual-Platform sudo:      mxy : TTY=pts/5 ; PWD=/home/mxy ; USER=root ; COMMAND=/usr/bin/systemctl enable --now ssh
2026-09-08T21:48:21.963817+08:00 mxy-VMware-Virtual-Platform sudo: pam_unix(sudo:session): session opened for user root(uid=0) by mxy(uid=1000)
2026-09-08T21:48:23.095427+08:00 mxy-VMware-Virtual-Platform sshd[8193]: Server listening on 0.0.0.0 port 9981.
2026-09-08T21:48:23.095850+08:00 mxy-VMware-Virtual-Platform sshd[8193]: Server listening on :: port 9981.
2026-09-08T21:48:23.098520+08:00 mxy-VMware-Virtual-Platform sudo: pam_unix(sudo:session): session closed for user root
2026-09-08T21:48:23.108707+08:00 mxy-VMware-Virtual-Platform sudo:      mxy : TTY=pts/5 ; PWD=/home/mxy ; USER=root ; COMMAND=/usr/bin/systemctl is-active ssh
2026-09-08T21:48:23.109528+08:00 mxy-VMware-Virtual-Platform sudo: pam_unix(sudo:session): session opened for user root(uid=0) by mxy(uid=1000)
2026-09-08T21:48:23.115202+08:00 mxy-VMware-Virtual-Platform sudo: pam_unix(sudo:session): session closed for user root
2026-09-08T21:48:23.126009+08:00 mxy-VMware-Virtual-Platform sudo:      mxy : TTY=pts/5 ; PWD=/home/mxy ; USER=root ; COMMAND=/usr/bin/ss -lntp
2026-09-08T21:48:23.129646+08:00 mxy-VMware-Virtual-Platform sudo: pam_unix(sudo:session): session opened for user root(uid=0) by mxy(uid=1000)
2026-09-08T21:48:23.195330+08:00 mxy-VMware-Virtual-Platform sudo: pam_unix(sudo:session): session closed for user root
2026-09-08T21:48:53.102164+08:00 mxy-VMware-Virtual-Platform sudo:      mxy : TTY=pts/5 ; PWD=/home/mxy ; USER=root ; COMMAND=/usr/bin/ss -lntp
2026-09-08T21:48:53.104789+08:00 mxy-VMware-Virtual-Platform sudo: pam_unix(sudo:session): session opened for user root(uid=0) by mxy(uid=1000)
2026-09-08T21:48:53.166162+08:00 mxy-VMware-Virtual-Platform sudo: pam_unix(sudo:session): session closed for user root
2026-09-08T21:50:17.473067+08:00 mxy-VMware-Virtual-Platform pkexec: pam_unix(polkit-1:session): session opened for user root(uid=0) by mxy(uid=1000)
2026-09-08T21:50:17.477427+08:00 mxy-VMware-Virtual-Platform pkexec[8228]: mxy: Executing command [USER=root] [TTY=unknown] [CWD=/home/mxy] [COMMAND=/usr/lib/update-notifier/package-system-locked]
2026-09-08T21:51:07.866614+08:00 mxy-VMware-Virtual-Platform sudo:      mxy : TTY=pts/5 ; PWD=/home/mxy ; USER=root ; COMMAND=/usr/bin/ss -lntp
2026-09-08T21:51:07.869427+08:00 mxy-VMware-Virtual-Platform sudo: pam_unix(sudo:session): session opened for user root(uid=0) by mxy(uid=1000)
2026-09-08T21:51:07.936081+08:00 mxy-VMware-Virtual-Platform sudo: pam_unix(sudo:session): session closed for user root
2026-09-08T21:55:01.813842+08:00 mxy-VMware-Virtual-Platform CRON[8507]: pam_unix(cron:session): session opened for user root(uid=0) by root(uid=0)
2026-09-08T21:55:01.819377+08:00 mxy-VMware-Virtual-Platform CRON[8507]: pam_unix(cron:session): session closed for user root
2026-09-08T22:00:26.979611+08:00 mxy-VMware-Virtual-Platform gdm-password]: gkr-pam: unlocked login keyring
2026-09-08T22:05:01.855454+08:00 mxy-VMware-Virtual-Platform CRON[8679]: pam_unix(cron:session): session opened for user root(uid=0) by root(uid=0)
2026-09-08T22:05:01.864173+08:00 mxy-VMware-Virtual-Platform CRON[8679]: pam_unix(cron:session): session closed for user root
2026-09-08T22:10:56.921822+08:00 mxy-VMware-Virtual-Platform sudo:      mxy : TTY=pts/5 ; PWD=/home/mxy ; USER=root ; COMMAND=/usr/bin/ss -lntp
2026-09-08T22:10:56.926758+08:00 mxy-VMware-Virtual-Platform sudo: pam_unix(sudo:session): session opened for user root(uid=0) by mxy(uid=1000)
2026-09-08T22:10:57.171358+08:00 mxy-VMware-Virtual-Platform sudo: pam_unix(sudo:session): session closed for user root
2026-09-08T22:10:57.219533+08:00 mxy-VMware-Virtual-Platform sudo:      mxy : TTY=pts/5 ; PWD=/home/mxy ; USER=root ; COMMAND=/usr/sbin/ufw status verbose
2026-09-08T22:10:57.229302+08:00 mxy-VMware-Virtual-Platform sudo: pam_unix(sudo:session): session opened for user root(uid=0) by mxy(uid=1000)
2026-09-08T22:10:57.853344+08:00 mxy-VMware-Virtual-Platform sudo: pam_unix(sudo:session): session closed for user root
2026-09-08T22:11:44.622990+08:00 mxy-VMware-Virtual-Platform sudo:      mxy : TTY=pts/5 ; PWD=/home/mxy ; USER=root ; COMMAND=/usr/bin/ss -lntp
2026-09-08T22:11:44.625987+08:00 mxy-VMware-Virtual-Platform sudo: pam_unix(sudo:session): session opened for user root(uid=0) by mxy(uid=1000)
2026-09-08T22:11:44.685584+08:00 mxy-VMware-Virtual-Platform sudo: pam_unix(sudo:session): session closed for user root
2026-09-08T22:11:44.695263+08:00 mxy-VMware-Virtual-Platform sudo:      mxy : TTY=pts/5 ; PWD=/home/mxy ; USER=root ; COMMAND=/usr/sbin/ufw status verbose
2026-09-08T22:11:44.697432+08:00 mxy-VMware-Virtual-Platform sudo: pam_unix(sudo:session): session opened for user root(uid=0) by mxy(uid=1000)
2026-09-08T22:11:44.803986+08:00 mxy-VMware-Virtual-Platform sudo: pam_unix(sudo:session): session closed for user root
2026-09-08T22:13:41.725734+08:00 mxy-VMware-Virtual-Platform sudo:      mxy : TTY=pts/5 ; PWD=/home/mxy ; USER=root ; COMMAND=/usr/bin/ss -lntp
2026-09-08T22:13:41.727144+08:00 mxy-VMware-Virtual-Platform sudo: pam_unix(sudo:session): session opened for user root(uid=0) by mxy(uid=1000)
2026-09-08T22:13:41.770624+08:00 mxy-VMware-Virtual-Platform sudo: pam_unix(sudo:session): session closed for user root
2026-09-08T22:13:41.780510+08:00 mxy-VMware-Virtual-Platform sudo:      mxy : TTY=pts/5 ; PWD=/home/mxy ; USER=root ; COMMAND=/usr/sbin/ufw status verbose
2026-09-08T22:13:41.782695+08:00 mxy-VMware-Virtual-Platform sudo: pam_unix(sudo:session): session opened for user root(uid=0) by mxy(uid=1000)
2026-09-08T22:13:41.832795+08:00 mxy-VMware-Virtual-Platform sudo: pam_unix(sudo:session): session closed for user root
2026-09-08T22:14:11.975815+08:00 mxy-VMware-Virtual-Platform sshd[9127]: Connection closed by 10.10.20.10 port 41758
2026-09-08T22:15:01.875800+08:00 mxy-VMware-Virtual-Platform CRON[9129]: pam_unix(cron:session): session opened for user root(uid=0) by root(uid=0)
2026-09-08T22:15:01.880195+08:00 mxy-VMware-Virtual-Platform CRON[9129]: pam_unix(cron:session): session closed for user root
2026-09-08T22:17:01.886411+08:00 mxy-VMware-Virtual-Platform CRON[9134]: pam_unix(cron:session): session opened for user root(uid=0) by root(uid=0)
2026-09-08T22:17:01.894823+08:00 mxy-VMware-Virtual-Platform CRON[9134]: pam_unix(cron:session): session closed for user root
2026-09-08T22:17:50.897415+08:00 mxy-VMware-Virtual-Platform sshd[9139]: Unable to negotiate with 10.10.20.10 port 49280: no matching cipher found. Their offer: chacha20-poly1305@openssh.com,aes128-ctr,aes192-ctr,aes256-ctr,aes128-gcm@openssh.com,aes256-gcm@openssh.com [preauth]
2026-09-08T22:19:49.273993+08:00 mxy-VMware-Virtual-Platform sshd[9154]: Accepted password for case01demo from 10.10.20.10 port 58516 ssh2
2026-09-08T22:20:58.651820+08:00 mxy-VMware-Virtual-Platform gdm-password]: gkr-pam: unlocked login keyring
2026-09-08T22:21:54.465933+08:00 mxy-VMware-Virtual-Platform sshd[9157]: Received disconnect from 10.10.20.10 port 58516:11: disconnected by user
2026-09-08T22:21:54.488335+08:00 mxy-VMware-Virtual-Platform sshd[9157]: Disconnected from user case01demo 10.10.20.10 port 58516
2026-09-08T22:22:34.105705+08:00 mxy-VMware-Virtual-Platform sudo:      mxy : TTY=pts/5 ; PWD=/home/mxy ; USER=root ; COMMAND=/usr/bin/apt install -y acl
2026-09-08T22:22:34.110342+08:00 mxy-VMware-Virtual-Platform sudo: pam_unix(sudo:session): session opened for user root(uid=0) by mxy(uid=1000)
2026-09-08T22:22:36.960743+08:00 mxy-VMware-Virtual-Platform sudo: pam_unix(sudo:session): session closed for user root
2026-09-08T22:22:36.978041+08:00 mxy-VMware-Virtual-Platform sudo:      mxy : TTY=pts/5 ; PWD=/home/mxy ; USER=root ; COMMAND=/usr/bin/setfacl -m u:case01demo:r /home/mxy/case01-core/data/finance_demo.txt
2026-09-08T22:22:36.980355+08:00 mxy-VMware-Virtual-Platform sudo: pam_unix(sudo:session): session opened for user root(uid=0) by mxy(uid=1000)
2026-09-08T22:22:36.985942+08:00 mxy-VMware-Virtual-Platform sudo: pam_unix(sudo:session): session closed for user root
2026-09-08T22:23:30.716936+08:00 mxy-VMware-Virtual-Platform sshd[9438]: Accepted password for case01demo from 10.10.20.10 port 54264 ssh2
2026-09-08T22:23:50.332449+08:00 mxy-VMware-Virtual-Platform sshd[9440]: Received disconnect from 10.10.20.10 port 54264:11: disconnected by user
2026-09-08T22:23:50.333411+08:00 mxy-VMware-Virtual-Platform sshd[9440]: Disconnected from user case01demo 10.10.20.10 port 54264
2026-09-08T22:24:07.191430+08:00 mxy-VMware-Virtual-Platform sshd[9464]: Accepted password for case01demo from 10.10.20.10 port 47206 ssh2
2026-09-08T22:25:01.907197+08:00 mxy-VMware-Virtual-Platform CRON[9485]: pam_unix(cron:session): session opened for user root(uid=0) by root(uid=0)
2026-09-08T22:25:01.917029+08:00 mxy-VMware-Virtual-Platform CRON[9485]: pam_unix(cron:session): session closed for user root
2026-09-08T22:25:34.334915+08:00 mxy-VMware-Virtual-Platform sshd[9466]: Received disconnect from 10.10.20.10 port 47206:11: disconnected by user
2026-09-08T22:25:34.335185+08:00 mxy-VMware-Virtual-Platform sshd[9466]: Disconnected from user case01demo 10.10.20.10 port 47206
2026-09-08T22:25:43.947538+08:00 mxy-VMware-Virtual-Platform sudo:      mxy : TTY=pts/5 ; PWD=/home/mxy ; USER=root ; COMMAND=/usr/bin/chmod 644 /home/mxy/case01-core/data/finance_demo.txt
2026-09-08T22:25:43.951198+08:00 mxy-VMware-Virtual-Platform sudo: pam_unix(sudo:session): session opened for user root(uid=0) by mxy(uid=1000)
2026-09-08T22:25:43.956854+08:00 mxy-VMware-Virtual-Platform sudo: pam_unix(sudo:session): session closed for user root
2026-09-08T22:26:17.002579+08:00 mxy-VMware-Virtual-Platform sshd[9495]: Accepted password for case01demo from 10.10.20.10 port 46824 ssh2
2026-09-08T22:26:45.901956+08:00 mxy-VMware-Virtual-Platform pkexec: pam_unix(polkit-1:session): session opened for user root(uid=0) by mxy(uid=1000)
2026-09-08T22:26:45.903713+08:00 mxy-VMware-Virtual-Platform pkexec[9541]: mxy: Executing command [USER=root] [TTY=unknown] [CWD=/home/mxy] [COMMAND=/usr/libexec/gvfsd-admin --spawner :1.19 /org/gtk/gvfs/exec_spaw/21 --address unix:path=/run/user/1000/bus --dir /run/user/1000]
2026-09-08T22:26:46.464226+08:00 mxy-VMware-Virtual-Platform polkitd[1390]: Identity `unix-group:admin' is not valid, ignoring: No UNIX group with name admin: No such file or directory
2026-09-08T22:26:50.891407+08:00 mxy-VMware-Virtual-Platform polkitd[1390]: Operator of unix-session:1 successfully authenticated as unix-user:mxy to gain TEMPORARY authorization for action org.gtk.vfs.file-operations for unix-process:9518:2062065 [/usr/bin/gnome-text-editor /home/mxy/case01-core/data/finance_demo.txt] (owned by unix-user:mxy)
2026-09-08T22:27:52.319422+08:00 mxy-VMware-Virtual-Platform sudo:      mxy : TTY=pts/5 ; PWD=/home/mxy ; USER=root ; COMMAND=/usr/bin/setfacl -m u:case01demo:--x /home/mxy
2026-09-08T22:27:52.321083+08:00 mxy-VMware-Virtual-Platform sudo: pam_unix(sudo:session): session opened for user root(uid=0) by mxy(uid=1000)
2026-09-08T22:27:52.325735+08:00 mxy-VMware-Virtual-Platform sudo: pam_unix(sudo:session): session closed for user root
2026-09-08T22:27:52.336094+08:00 mxy-VMware-Virtual-Platform sudo:      mxy : TTY=pts/5 ; PWD=/home/mxy ; USER=root ; COMMAND=/usr/bin/setfacl -m u:case01demo:--x /home/mxy/case01-core
2026-09-08T22:27:52.337704+08:00 mxy-VMware-Virtual-Platform sudo: pam_unix(sudo:session): session opened for user root(uid=0) by mxy(uid=1000)
2026-09-08T22:27:52.341247+08:00 mxy-VMware-Virtual-Platform sudo: pam_unix(sudo:session): session closed for user root
2026-09-08T22:27:52.354602+08:00 mxy-VMware-Virtual-Platform sudo:      mxy : TTY=pts/5 ; PWD=/home/mxy ; USER=root ; COMMAND=/usr/bin/setfacl -m u:case01demo:--x /home/mxy/case01-core/data
2026-09-08T22:27:52.355765+08:00 mxy-VMware-Virtual-Platform sudo: pam_unix(sudo:session): session opened for user root(uid=0) by mxy(uid=1000)
2026-09-08T22:27:52.359896+08:00 mxy-VMware-Virtual-Platform sudo: pam_unix(sudo:session): session closed for user root
2026-09-08T22:27:52.369762+08:00 mxy-VMware-Virtual-Platform sudo:      mxy : TTY=pts/5 ; PWD=/home/mxy ; USER=root ; COMMAND=/usr/bin/setfacl -m u:case01demo:r /home/mxy/case01-core/data/finance_demo.txt
2026-09-08T22:27:52.371172+08:00 mxy-VMware-Virtual-Platform sudo: pam_unix(sudo:session): session opened for user root(uid=0) by mxy(uid=1000)
2026-09-08T22:27:52.375201+08:00 mxy-VMware-Virtual-Platform sudo: pam_unix(sudo:session): session closed for user root
2026-09-08T22:28:00.755443+08:00 mxy-VMware-Virtual-Platform sudo:      mxy : TTY=pts/5 ; PWD=/home/mxy ; USER=case01demo ; COMMAND=/usr/bin/cat /home/mxy/case01-core/data/finance_demo.txt
2026-09-08T22:28:00.771022+08:00 mxy-VMware-Virtual-Platform sudo: pam_unix(sudo:session): session opened for user case01demo(uid=1001) by mxy(uid=1000)
2026-09-08T22:28:00.776182+08:00 mxy-VMware-Virtual-Platform sudo: pam_unix(sudo:session): session closed for user case01demo
2026-09-08T22:28:14.411609+08:00 mxy-VMware-Virtual-Platform sshd[9497]: Received disconnect from 10.10.20.10 port 46824:11: disconnected by user
2026-09-08T22:28:14.413345+08:00 mxy-VMware-Virtual-Platform sshd[9497]: Disconnected from user case01demo 10.10.20.10 port 46824
2026-09-08T22:28:23.173127+08:00 mxy-VMware-Virtual-Platform sshd[9641]: Accepted password for case01demo from 10.10.20.10 port 37454 ssh2
2026-09-08T22:30:01.924631+08:00 mxy-VMware-Virtual-Platform CRON[9665]: pam_unix(cron:session): session opened for user root(uid=0) by root(uid=0)
2026-09-08T22:30:01.927729+08:00 mxy-VMware-Virtual-Platform CRON[9665]: pam_unix(cron:session): session closed for user root
2026-09-08T22:33:20.934013+08:00 mxy-VMware-Virtual-Platform gdm-password]: gkr-pam: unlocked login keyring
2026-09-08T22:34:18.660449+08:00 mxy-VMware-Virtual-Platform sudo:      mxy : TTY=pts/5 ; PWD=/home/mxy ; USER=root ; COMMAND=/usr/bin/apt install curl
2026-09-08T22:34:18.665345+08:00 mxy-VMware-Virtual-Platform sudo: pam_unix(sudo:session): session opened for user root(uid=0) by mxy(uid=1000)
2026-09-08T22:34:30.788419+08:00 mxy-VMware-Virtual-Platform sudo: pam_unix(sudo:session): session closed for user root
2026-09-08T22:35:01.940965+08:00 mxy-VMware-Virtual-Platform CRON[10060]: pam_unix(cron:session): session opened for user root(uid=0) by root(uid=0)
2026-09-08T22:35:01.946512+08:00 mxy-VMware-Virtual-Platform CRON[10060]: pam_unix(cron:session): session closed for user root
2026-09-08T22:35:17.728968+08:00 mxy-VMware-Virtual-Platform pkexec: pam_unix(polkit-1:session): session opened for user root(uid=0) by mxy(uid=1000)
2026-09-08T22:35:17.731525+08:00 mxy-VMware-Virtual-Platform pkexec[10072]: mxy: Executing command [USER=root] [TTY=unknown] [CWD=/home/mxy] [COMMAND=/usr/lib/update-notifier/package-system-locked]
2026-09-08T22:39:13.930501+08:00 mxy-VMware-Virtual-Platform polkitd[1390]: Identity `unix-group:admin' is not valid, ignoring: No UNIX group with name admin: No such file or directory
2026-09-08T22:39:16.743680+08:00 mxy-VMware-Virtual-Platform polkitd[1390]: Operator of unix-session:1 successfully authenticated as unix-user:mxy to gain TEMPORARY authorization for action org.gtk.vfs.file-operations for unix-process:10101:2136871 [/usr/bin/gnome-text-editor /home/mxy/case01-evidence/CASE01-RUN-01/core-to-c2-transfer.txt] (owned by unix-user:mxy)
2026-09-08T22:42:56.885993+08:00 mxy-VMware-Virtual-Platform sudo: pam_unix(sudo:session): session closed for user root
2026-09-08T22:45:01.991825+08:00 mxy-VMware-Virtual-Platform CRON[10225]: pam_unix(cron:session): session opened for user root(uid=0) by root(uid=0)
2026-09-08T22:45:02.014285+08:00 mxy-VMware-Virtual-Platform CRON[10225]: pam_unix(cron:session): session closed for user root
2026-09-08T22:45:35.727011+08:00 mxy-VMware-Virtual-Platform sudo: pam_unix(sudo:session): session closed for user root
2026-09-08T22:52:14.883589+08:00 mxy-VMware-Virtual-Platform sudo:      mxy : TTY=pts/5 ; PWD=/home/mxy ; USER=root ; COMMAND=/usr/bin/apt update
2026-09-08T22:52:14.889976+08:00 mxy-VMware-Virtual-Platform sudo: pam_unix(sudo:session): session opened for user root(uid=0) by mxy(uid=1000)
2026-09-08T22:52:30.295922+08:00 mxy-VMware-Virtual-Platform sudo: pam_unix(sudo:session): session closed for user root
2026-09-08T22:52:30.321128+08:00 mxy-VMware-Virtual-Platform sudo:      mxy : TTY=pts/5 ; PWD=/home/mxy ; USER=root ; COMMAND=/usr/bin/apt install -y open-vm-tools open-vm-tools-desktop
2026-09-08T22:52:30.325116+08:00 mxy-VMware-Virtual-Platform sudo: pam_unix(sudo:session): session opened for user root(uid=0) by mxy(uid=1000)
2026-09-08T22:52:31.570287+08:00 mxy-VMware-Virtual-Platform sudo: pam_unix(sudo:session): session closed for user root
2026-09-08T22:52:31.580555+08:00 mxy-VMware-Virtual-Platform sudo:      mxy : TTY=pts/5 ; PWD=/home/mxy ; USER=root ; COMMAND=/usr/bin/systemctl restart open-vm-tools
2026-09-08T22:52:31.583267+08:00 mxy-VMware-Virtual-Platform sudo: pam_unix(sudo:session): session opened for user root(uid=0) by mxy(uid=1000)
2026-09-08T22:52:31.788434+08:00 mxy-VMware-Virtual-Platform sudo: pam_unix(sudo:session): session closed for user root
2026-09-08T22:53:17.326892+08:00 mxy-VMware-Virtual-Platform pkexec: pam_unix(polkit-1:session): session opened for user root(uid=0) by mxy(uid=1000)
2026-09-08T22:53:17.329967+08:00 mxy-VMware-Virtual-Platform pkexec[10800]: mxy: Executing command [USER=root] [TTY=unknown] [CWD=/home/mxy] [COMMAND=/usr/lib/update-notifier/package-system-locked]
2026-09-08T22:54:48.389852+08:00 mxy-VMware-Virtual-Platform sudo:      mxy : TTY=pts/5 ; PWD=/home/mxy ; USER=root ; COMMAND=/usr/bin/mkdir -p /mnt/hgfs
2026-09-08T22:54:48.391379+08:00 mxy-VMware-Virtual-Platform sudo: pam_unix(sudo:session): session opened for user root(uid=0) by mxy(uid=1000)
2026-09-08T22:54:48.397836+08:00 mxy-VMware-Virtual-Platform sudo: pam_unix(sudo:session): session closed for user root
2026-09-08T22:54:48.409888+08:00 mxy-VMware-Virtual-Platform sudo:      mxy : TTY=pts/5 ; PWD=/home/mxy ; USER=root ; COMMAND=/usr/bin/vmhgfs-fuse .host:/ /mnt/hgfs -o allow_other
2026-09-08T22:54:48.412980+08:00 mxy-VMware-Virtual-Platform sudo: pam_unix(sudo:session): session opened for user root(uid=0) by mxy(uid=1000)
2026-09-08T22:54:48.522089+08:00 mxy-VMware-Virtual-Platform sudo: pam_unix(sudo:session): session closed for user root
2026-09-08T22:55:01.035026+08:00 mxy-VMware-Virtual-Platform CRON[10870]: pam_unix(cron:session): session opened for user root(uid=0) by root(uid=0)
2026-09-08T22:55:01.042750+08:00 mxy-VMware-Virtual-Platform CRON[10870]: pam_unix(cron:session): session closed for user root
2026-09-08T23:05:01.058019+08:00 mxy-VMware-Virtual-Platform CRON[11026]: pam_unix(cron:session): session opened for user root(uid=0) by root(uid=0)
2026-09-08T23:05:01.067477+08:00 mxy-VMware-Virtual-Platform CRON[11026]: pam_unix(cron:session): session closed for user root
2026-09-08T23:15:01.080537+08:00 mxy-VMware-Virtual-Platform CRON[11074]: pam_unix(cron:session): session opened for user root(uid=0) by root(uid=0)
2026-09-08T23:15:01.091414+08:00 mxy-VMware-Virtual-Platform CRON[11074]: pam_unix(cron:session): session closed for user root
2026-09-08T23:17:01.105902+08:00 mxy-VMware-Virtual-Platform CRON[11079]: pam_unix(cron:session): session opened for user root(uid=0) by root(uid=0)
2026-09-08T23:17:01.112315+08:00 mxy-VMware-Virtual-Platform CRON[11079]: pam_unix(cron:session): session closed for user root
2026-09-08T23:25:01.127786+08:00 mxy-VMware-Virtual-Platform CRON[11095]: pam_unix(cron:session): session opened for user root(uid=0) by root(uid=0)
2026-09-08T23:25:01.138544+08:00 mxy-VMware-Virtual-Platform CRON[11095]: pam_unix(cron:session): session closed for user root
2026-09-08T23:30:01.152565+08:00 mxy-VMware-Virtual-Platform CRON[11098]: pam_unix(cron:session): session opened for user root(uid=0) by root(uid=0)
2026-09-08T23:30:01.179196+08:00 mxy-VMware-Virtual-Platform CRON[11098]: pam_unix(cron:session): session closed for user root
2026-09-08T23:35:01.187784+08:00 mxy-VMware-Virtual-Platform CRON[11106]: pam_unix(cron:session): session opened for user root(uid=0) by root(uid=0)
2026-09-08T23:35:01.198119+08:00 mxy-VMware-Virtual-Platform CRON[11106]: pam_unix(cron:session): session closed for user root
2026-09-08T23:45:01.215708+08:00 mxy-VMware-Virtual-Platform CRON[11119]: pam_unix(cron:session): session opened for user root(uid=0) by root(uid=0)
2026-09-08T23:45:01.225548+08:00 mxy-VMware-Virtual-Platform CRON[11119]: pam_unix(cron:session): session closed for user root
2026-09-08T23:49:44.296715+08:00 mxy-VMware-Virtual-Platform sshd[9643]: Received disconnect from 10.10.20.10 port 37454:11: disconnected by user
2026-09-08T23:49:44.316583+08:00 mxy-VMware-Virtual-Platform sshd[9643]: Disconnected from user case01demo 10.10.20.10 port 37454
2026-09-08T23:55:01.280083+08:00 mxy-VMware-Virtual-Platform CRON[11135]: pam_unix(cron:session): session opened for user root(uid=0) by root(uid=0)
2026-09-08T23:55:01.317609+08:00 mxy-VMware-Virtual-Platform CRON[11135]: pam_unix(cron:session): session closed for user root
2026-09-08T23:59:01.351497+08:00 mxy-VMware-Virtual-Platform CRON[11139]: pam_unix(cron:session): session opened for user root(uid=0) by root(uid=0)
2026-09-08T23:59:01.382978+08:00 mxy-VMware-Virtual-Platform CRON[11139]: pam_unix(cron:session): session closed for user root
2026-09-09T00:05:01.424149+08:00 mxy-VMware-Virtual-Platform CRON[11300]: pam_unix(cron:session): session opened for user root(uid=0) by root(uid=0)
2026-09-09T00:05:01.432988+08:00 mxy-VMware-Virtual-Platform CRON[11300]: pam_unix(cron:session): session closed for user root
2026-09-09T09:15:01.987897+08:00 mxy-VMware-Virtual-Platform CRON[11736]: pam_unix(cron:session): session opened for user root(uid=0) by root(uid=0)
2026-09-09T09:15:02.108417+08:00 mxy-VMware-Virtual-Platform CRON[11736]: pam_unix(cron:session): session closed for user root
2026-09-09T09:17:01.212348+08:00 mxy-VMware-Virtual-Platform CRON[11756]: pam_unix(cron:session): session opened for user root(uid=0) by root(uid=0)
2026-09-09T09:17:01.279333+08:00 mxy-VMware-Virtual-Platform CRON[11756]: pam_unix(cron:session): session closed for user root
2026-09-09T09:25:01.385494+08:00 mxy-VMware-Virtual-Platform CRON[11766]: pam_unix(cron:session): session opened for user root(uid=0) by root(uid=0)
2026-09-09T09:25:01.463003+08:00 mxy-VMware-Virtual-Platform CRON[11766]: pam_unix(cron:session): session closed for user root
2026-09-09T09:30:01.537777+08:00 mxy-VMware-Virtual-Platform CRON[11775]: pam_unix(cron:session): session opened for user root(uid=0) by root(uid=0)
2026-09-09T09:30:01.554456+08:00 mxy-VMware-Virtual-Platform CRON[11775]: pam_unix(cron:session): session closed for user root
2026-09-09T09:35:01.660705+08:00 mxy-VMware-Virtual-Platform CRON[11782]: pam_unix(cron:session): session opened for user root(uid=0) by root(uid=0)
2026-09-09T09:35:01.710553+08:00 mxy-VMware-Virtual-Platform CRON[11782]: pam_unix(cron:session): session closed for user root
2026-09-09T09:40:32.626930+08:00 mxy-VMware-Virtual-Platform gdm-password]: gkr-pam: unlocked login keyring
2026-09-09T09:45:01.800683+08:00 mxy-VMware-Virtual-Platform CRON[12852]: pam_unix(cron:session): session opened for user root(uid=0) by root(uid=0)
2026-09-09T09:45:01.829817+08:00 mxy-VMware-Virtual-Platform CRON[12852]: pam_unix(cron:session): session closed for user root
2026-09-09T09:55:01.861358+08:00 mxy-VMware-Virtual-Platform CRON[12900]: pam_unix(cron:session): session opened for user root(uid=0) by root(uid=0)
2026-09-09T09:55:01.878034+08:00 mxy-VMware-Virtual-Platform CRON[12900]: pam_unix(cron:session): session closed for user root
2026-09-09T10:05:01.917516+08:00 mxy-VMware-Virtual-Platform CRON[12910]: pam_unix(cron:session): session opened for user root(uid=0) by root(uid=0)
2026-09-09T10:05:01.933452+08:00 mxy-VMware-Virtual-Platform CRON[12910]: pam_unix(cron:session): session closed for user root
2026-09-09T10:11:52.757571+08:00 mxy-VMware-Virtual-Platform gdm-password]: gkr-pam: unlocked login keyring
2026-09-09T10:12:12.264676+08:00 mxy-VMware-Virtual-Platform sudo:      mxy : TTY=pts/5 ; PWD=/home/mxy ; USER=root ; COMMAND=/usr/sbin/auditctl -l
2026-09-09T10:12:12.276700+08:00 mxy-VMware-Virtual-Platform sudo: pam_unix(sudo:session): session opened for user root(uid=0) by mxy(uid=1000)
2026-09-09T10:12:12.308505+08:00 mxy-VMware-Virtual-Platform sudo: pam_unix(sudo:session): session closed for user root
2026-09-09T10:13:49.856970+08:00 mxy-VMware-Virtual-Platform sudo:      mxy : TTY=pts/5 ; PWD=/home/mxy ; USER=root ; COMMAND=/usr/sbin/auditctl -d always,exit -F arch=b64 -S execve -F key=case01_process
2026-09-09T10:13:49.863539+08:00 mxy-VMware-Virtual-Platform sudo: pam_unix(sudo:session): session opened for user root(uid=0) by mxy(uid=1000)
2026-09-09T10:13:49.878582+08:00 mxy-VMware-Virtual-Platform sudo: pam_unix(sudo:session): session closed for user root
2026-09-09T10:13:56.226247+08:00 mxy-VMware-Virtual-Platform sudo:      mxy : TTY=pts/5 ; PWD=/home/mxy ; USER=root ; COMMAND=/usr/sbin/auditctl -W /home/mxy/case01-core/data/finance_demo.txt
2026-09-09T10:13:56.232055+08:00 mxy-VMware-Virtual-Platform sudo: pam_unix(sudo:session): session opened for user root(uid=0) by mxy(uid=1000)
2026-09-09T10:13:56.248636+08:00 mxy-VMware-Virtual-Platform sudo: pam_unix(sudo:session): session closed for user root
2026-09-09T10:14:10.055119+08:00 mxy-VMware-Virtual-Platform sudo:      mxy : TTY=pts/5 ; PWD=/home/mxy ; USER=root ; COMMAND=/usr/sbin/auditctl -l
2026-09-09T10:14:10.061499+08:00 mxy-VMware-Virtual-Platform sudo: pam_unix(sudo:session): session opened for user root(uid=0) by mxy(uid=1000)
2026-09-09T10:14:10.077624+08:00 mxy-VMware-Virtual-Platform sudo: pam_unix(sudo:session): session closed for user root
2026-09-09T10:15:01.962561+08:00 mxy-VMware-Virtual-Platform CRON[13064]: pam_unix(cron:session): session opened for user root(uid=0) by root(uid=0)
2026-09-09T10:15:01.977019+08:00 mxy-VMware-Virtual-Platform CRON[13064]: pam_unix(cron:session): session closed for user root
2026-09-09T10:15:15.907021+08:00 mxy-VMware-Virtual-Platform sudo:      mxy : TTY=pts/5 ; PWD=/home/mxy ; USER=root ; COMMAND=/usr/sbin/auditctl -w /home/mxy/case01-core/data/finance_demo.txt -p r -k case01_lateral_file
2026-09-09T10:15:15.914454+08:00 mxy-VMware-Virtual-Platform sudo: pam_unix(sudo:session): session opened for user root(uid=0) by mxy(uid=1000)
2026-09-09T10:15:15.928033+08:00 mxy-VMware-Virtual-Platform sudo: pam_unix(sudo:session): session closed for user root
2026-09-09T10:15:15.967305+08:00 mxy-VMware-Virtual-Platform sudo:      mxy : TTY=pts/5 ; PWD=/home/mxy ; USER=root ; COMMAND=/usr/sbin/auditctl -a always,exit -F arch=b64 -S execve -F auid>=1000 -F auid!=-1 -F key=case01_lateral_exec
2026-09-09T10:15:15.973280+08:00 mxy-VMware-Virtual-Platform sudo: pam_unix(sudo:session): session opened for user root(uid=0) by mxy(uid=1000)
2026-09-09T10:15:15.987785+08:00 mxy-VMware-Virtual-Platform sudo: pam_unix(sudo:session): session closed for user root
2026-09-09T10:15:16.024966+08:00 mxy-VMware-Virtual-Platform sudo:      mxy : TTY=pts/5 ; PWD=/home/mxy ; USER=root ; COMMAND=/usr/sbin/auditctl -a always,exit -F arch=b64 -S connect,accept,bind -F key=case01_network
2026-09-09T10:15:16.028446+08:00 mxy-VMware-Virtual-Platform sudo: pam_unix(sudo:session): session opened for user root(uid=0) by mxy(uid=1000)
2026-09-09T10:15:16.041844+08:00 mxy-VMware-Virtual-Platform sudo: pam_unix(sudo:session): session closed for user root
2026-09-09T10:16:27.400887+08:00 mxy-VMware-Virtual-Platform sudo:      mxy : TTY=pts/5 ; PWD=/home/mxy ; USER=root ; COMMAND=/usr/sbin/auditctl -W /home/mxy/case01-core/data/finance_demo.txt
2026-09-09T10:16:27.406723+08:00 mxy-VMware-Virtual-Platform sudo: pam_unix(sudo:session): session opened for user root(uid=0) by mxy(uid=1000)
2026-09-09T10:16:27.422589+08:00 mxy-VMware-Virtual-Platform sudo: pam_unix(sudo:session): session closed for user root
2026-09-09T10:16:37.046466+08:00 mxy-VMware-Virtual-Platform sudo:      mxy : TTY=pts/5 ; PWD=/home/mxy ; USER=root ; COMMAND=/usr/sbin/auditctl -W /home/mxy/case01-core/data/finance_demo.txt
2026-09-09T10:16:37.055626+08:00 mxy-VMware-Virtual-Platform sudo: pam_unix(sudo:session): session opened for user root(uid=0) by mxy(uid=1000)
2026-09-09T10:16:37.070124+08:00 mxy-VMware-Virtual-Platform sudo: pam_unix(sudo:session): session closed for user root
2026-09-09T10:16:49.249292+08:00 mxy-VMware-Virtual-Platform sudo:      mxy : TTY=pts/0 ; PWD=/home/mxy ; USER=root ; COMMAND=/usr/sbin/auditctl -W /home/mxy/case01-core/data/finance_demo.txt
2026-09-09T10:16:49.257920+08:00 mxy-VMware-Virtual-Platform sudo: pam_unix(sudo:session): session opened for user root(uid=0) by mxy(uid=1000)
2026-09-09T10:16:49.272514+08:00 mxy-VMware-Virtual-Platform sudo: pam_unix(sudo:session): session closed for user root
2026-09-09T10:17:01.997512+08:00 mxy-VMware-Virtual-Platform CRON[13134]: pam_unix(cron:session): session opened for user root(uid=0) by root(uid=0)
2026-09-09T10:17:02.017133+08:00 mxy-VMware-Virtual-Platform CRON[13134]: pam_unix(cron:session): session closed for user root
2026-09-09T10:17:10.135370+08:00 mxy-VMware-Virtual-Platform sudo:      mxy : TTY=pts/0 ; PWD=/home/mxy ; USER=root ; COMMAND=/usr/sbin/auditctl -d always,exit -F arch=b64 -S rename,creat,unlink,openat -F key=case01_file
2026-09-09T10:17:10.139831+08:00 mxy-VMware-Virtual-Platform sudo: pam_unix(sudo:session): session opened for user root(uid=0) by mxy(uid=1000)
2026-09-09T10:17:10.158443+08:00 mxy-VMware-Virtual-Platform sudo: pam_unix(sudo:session): session closed for user root
2026-09-09T10:17:18.085620+08:00 mxy-VMware-Virtual-Platform sudo:      mxy : TTY=pts/0 ; PWD=/home/mxy ; USER=root ; COMMAND=/usr/sbin/auditctl -w /home/mxy/case01-core/data/finance_demo.txt -p r -k case01_lateral_file
2026-09-09T10:17:18.092369+08:00 mxy-VMware-Virtual-Platform sudo: pam_unix(sudo:session): session opened for user root(uid=0) by mxy(uid=1000)
2026-09-09T10:17:18.104473+08:00 mxy-VMware-Virtual-Platform sudo: pam_unix(sudo:session): session closed for user root
2026-09-09T10:17:26.643255+08:00 mxy-VMware-Virtual-Platform sudo:      mxy : TTY=pts/0 ; PWD=/home/mxy ; USER=root ; COMMAND=/usr/sbin/auditctl -l
2026-09-09T10:17:26.647659+08:00 mxy-VMware-Virtual-Platform sudo: pam_unix(sudo:session): session opened for user root(uid=0) by mxy(uid=1000)
2026-09-09T10:17:26.669596+08:00 mxy-VMware-Virtual-Platform sudo: pam_unix(sudo:session): session closed for user root
2026-09-09T10:18:11.199777+08:00 mxy-VMware-Virtual-Platform sudo:      mxy : TTY=pts/0 ; PWD=/home/mxy ; USER=root ; COMMAND=/usr/sbin/auditctl -W /home/mxy/case01-core/data/finance_demo.txt -p rwxa -k case01_demo_file
2026-09-09T10:18:11.203996+08:00 mxy-VMware-Virtual-Platform sudo: pam_unix(sudo:session): session opened for user root(uid=0) by mxy(uid=1000)
2026-09-09T10:18:11.222726+08:00 mxy-VMware-Virtual-Platform sudo: pam_unix(sudo:session): session closed for user root
2026-09-09T10:18:19.782662+08:00 mxy-VMware-Virtual-Platform sudo:      mxy : TTY=pts/0 ; PWD=/home/mxy ; USER=root ; COMMAND=/usr/sbin/auditctl -l
2026-09-09T10:18:19.785791+08:00 mxy-VMware-Virtual-Platform sudo: pam_unix(sudo:session): session opened for user root(uid=0) by mxy(uid=1000)
2026-09-09T10:18:19.802179+08:00 mxy-VMware-Virtual-Platform sudo: pam_unix(sudo:session): session closed for user root
2026-09-09T10:25:01.058226+08:00 mxy-VMware-Virtual-Platform CRON[13189]: pam_unix(cron:session): session opened for user root(uid=0) by root(uid=0)
2026-09-09T10:25:01.073294+08:00 mxy-VMware-Virtual-Platform CRON[13189]: pam_unix(cron:session): session closed for user root
2026-09-09T10:30:01.100380+08:00 mxy-VMware-Virtual-Platform CRON[13194]: pam_unix(cron:session): session opened for user root(uid=0) by root(uid=0)
2026-09-09T10:30:01.117985+08:00 mxy-VMware-Virtual-Platform CRON[13194]: pam_unix(cron:session): session closed for user root
2026-09-09T10:30:42.090238+08:00 mxy-VMware-Virtual-Platform gdm-password]: gkr-pam: unlocked login keyring
2026-09-09T10:35:01.165722+08:00 mxy-VMware-Virtual-Platform CRON[13317]: pam_unix(cron:session): session opened for user root(uid=0) by root(uid=0)
2026-09-09T10:35:01.182599+08:00 mxy-VMware-Virtual-Platform CRON[13317]: pam_unix(cron:session): session closed for user root
2026-09-09T10:38:23.412381+08:00 mxy-VMware-Virtual-Platform sudo:      mxy : TTY=pts/1 ; PWD=/home/mxy ; USER=root ; COMMAND=/usr/bin/systemctl is-active ssh
2026-09-09T10:38:23.420409+08:00 mxy-VMware-Virtual-Platform sudo: pam_unix(sudo:session): session opened for user root(uid=0) by mxy(uid=1000)
2026-09-09T10:38:23.470277+08:00 mxy-VMware-Virtual-Platform sudo: pam_unix(sudo:session): session closed for user root
2026-09-09T10:38:23.504737+08:00 mxy-VMware-Virtual-Platform sudo:      mxy : TTY=pts/1 ; PWD=/home/mxy ; USER=root ; COMMAND=/usr/bin/systemctl is-active auditd
2026-09-09T10:38:23.510528+08:00 mxy-VMware-Virtual-Platform sudo: pam_unix(sudo:session): session opened for user root(uid=0) by mxy(uid=1000)
2026-09-09T10:38:23.538452+08:00 mxy-VMware-Virtual-Platform sudo: pam_unix(sudo:session): session closed for user root
2026-09-09T10:38:23.570867+08:00 mxy-VMware-Virtual-Platform sudo:      mxy : TTY=pts/1 ; PWD=/home/mxy ; USER=root ; COMMAND=/usr/bin/ss -lntp
2026-09-09T10:38:23.577200+08:00 mxy-VMware-Virtual-Platform sudo: pam_unix(sudo:session): session opened for user root(uid=0) by mxy(uid=1000)
2026-09-09T10:38:23.944836+08:00 mxy-VMware-Virtual-Platform sudo: pam_unix(sudo:session): session closed for user root
2026-09-09T10:38:23.975931+08:00 mxy-VMware-Virtual-Platform sudo:      mxy : TTY=pts/1 ; PWD=/home/mxy ; USER=root ; COMMAND=/usr/sbin/auditctl -l
2026-09-09T10:38:23.982802+08:00 mxy-VMware-Virtual-Platform sudo: pam_unix(sudo:session): session opened for user root(uid=0) by mxy(uid=1000)
2026-09-09T10:38:24.002473+08:00 mxy-VMware-Virtual-Platform sudo: pam_unix(sudo:session): session closed for user root
2026-09-09T10:45:01.216410+08:00 mxy-VMware-Virtual-Platform CRON[13442]: pam_unix(cron:session): session opened for user root(uid=0) by root(uid=0)
2026-09-09T10:45:01.231828+08:00 mxy-VMware-Virtual-Platform CRON[13442]: pam_unix(cron:session): session closed for user root
2026-09-09T10:45:10.480144+08:00 mxy-VMware-Virtual-Platform gdm-password]: gkr-pam: unlocked login keyring
2026-09-09T10:45:43.333588+08:00 mxy-VMware-Virtual-Platform sudo:      mxy : TTY=pts/1 ; PWD=/home/mxy ; USER=root ; COMMAND=/usr/bin/tcpdump -i any -nn -s 0 -w /home/mxy/case01-run-final/win10-to-core.pcap 'host 10.10.30.10 and host 10.10.30.20'
2026-09-09T10:45:43.339548+08:00 mxy-VMware-Virtual-Platform sudo: pam_unix(sudo:session): session opened for user root(uid=0) by mxy(uid=1000)
2026-09-09T10:55:01.325943+08:00 mxy-VMware-Virtual-Platform CRON[13593]: pam_unix(cron:session): session opened for user root(uid=0) by root(uid=0)
2026-09-09T10:55:01.384564+08:00 mxy-VMware-Virtual-Platform CRON[13593]: pam_unix(cron:session): session closed for user root
2026-09-09T11:05:01.463573+08:00 mxy-VMware-Virtual-Platform CRON[13603]: pam_unix(cron:session): session opened for user root(uid=0) by root(uid=0)
2026-09-09T11:05:01.488566+08:00 mxy-VMware-Virtual-Platform CRON[13603]: pam_unix(cron:session): session closed for user root
2026-09-09T11:15:01.573212+08:00 mxy-VMware-Virtual-Platform CRON[13614]: pam_unix(cron:session): session opened for user root(uid=0) by root(uid=0)
2026-09-09T11:15:01.604714+08:00 mxy-VMware-Virtual-Platform CRON[13614]: pam_unix(cron:session): session closed for user root
2026-09-09T11:17:01.669381+08:00 mxy-VMware-Virtual-Platform CRON[13618]: pam_unix(cron:session): session opened for user root(uid=0) by root(uid=0)
2026-09-09T11:17:01.704051+08:00 mxy-VMware-Virtual-Platform CRON[13618]: pam_unix(cron:session): session closed for user root
2026-09-09T11:25:01.742366+08:00 mxy-VMware-Virtual-Platform CRON[13626]: pam_unix(cron:session): session opened for user root(uid=0) by root(uid=0)
2026-09-09T11:25:01.790139+08:00 mxy-VMware-Virtual-Platform CRON[13626]: pam_unix(cron:session): session closed for user root
2026-09-09T11:30:01.863436+08:00 mxy-VMware-Virtual-Platform CRON[13641]: pam_unix(cron:session): session opened for user root(uid=0) by root(uid=0)
2026-09-09T11:30:01.891131+08:00 mxy-VMware-Virtual-Platform CRON[13641]: pam_unix(cron:session): session closed for user root
2026-09-09T11:35:01.931114+08:00 mxy-VMware-Virtual-Platform CRON[13650]: pam_unix(cron:session): session opened for user root(uid=0) by root(uid=0)
2026-09-09T11:35:01.947399+08:00 mxy-VMware-Virtual-Platform CRON[13650]: pam_unix(cron:session): session closed for user root
2026-09-09T11:45:02.205274+08:00 mxy-VMware-Virtual-Platform CRON[13661]: pam_unix(cron:session): session opened for user root(uid=0) by root(uid=0)
2026-09-09T11:45:02.274344+08:00 mxy-VMware-Virtual-Platform CRON[13661]: pam_unix(cron:session): session closed for user root
2026-09-09T11:55:01.315554+08:00 mxy-VMware-Virtual-Platform CRON[13853]: pam_unix(cron:session): session opened for user root(uid=0) by root(uid=0)
2026-09-09T11:55:01.334383+08:00 mxy-VMware-Virtual-Platform CRON[13853]: pam_unix(cron:session): session closed for user root
2026-09-09T12:01:07.569718+08:00 mxy-VMware-Virtual-Platform pkexec: pam_unix(polkit-1:session): session opened for user root(uid=0) by mxy(uid=1000)
2026-09-09T12:01:07.577712+08:00 mxy-VMware-Virtual-Platform pkexec[13930]: mxy: Executing command [USER=root] [TTY=unknown] [CWD=/home/mxy] [COMMAND=/usr/lib/update-notifier/package-system-locked]
2026-09-09T12:05:01.359178+08:00 mxy-VMware-Virtual-Platform CRON[13937]: pam_unix(cron:session): session opened for user root(uid=0) by root(uid=0)
2026-09-09T12:05:01.375337+08:00 mxy-VMware-Virtual-Platform CRON[13937]: pam_unix(cron:session): session closed for user root
2026-09-09T12:15:01.399039+08:00 mxy-VMware-Virtual-Platform CRON[13953]: pam_unix(cron:session): session opened for user root(uid=0) by root(uid=0)
2026-09-09T12:15:01.413951+08:00 mxy-VMware-Virtual-Platform CRON[13953]: pam_unix(cron:session): session closed for user root
2026-09-09T12:17:01.437007+08:00 mxy-VMware-Virtual-Platform CRON[13957]: pam_unix(cron:session): session opened for user root(uid=0) by root(uid=0)
2026-09-09T12:17:01.454684+08:00 mxy-VMware-Virtual-Platform CRON[13957]: pam_unix(cron:session): session closed for user root
2026-09-09T12:25:01.479121+08:00 mxy-VMware-Virtual-Platform CRON[13966]: pam_unix(cron:session): session opened for user root(uid=0) by root(uid=0)
2026-09-09T12:25:01.495782+08:00 mxy-VMware-Virtual-Platform CRON[13966]: pam_unix(cron:session): session closed for user root
2026-09-09T12:30:01.522436+08:00 mxy-VMware-Virtual-Platform CRON[13983]: pam_unix(cron:session): session opened for user root(uid=0) by root(uid=0)
2026-09-09T12:30:01.534831+08:00 mxy-VMware-Virtual-Platform CRON[13983]: pam_unix(cron:session): session closed for user root
2026-09-09T12:34:54.591670+08:00 mxy-VMware-Virtual-Platform gdm-password]: gkr-pam: unlocked login keyring
2026-09-09T12:35:01.576406+08:00 mxy-VMware-Virtual-Platform CRON[14094]: pam_unix(cron:session): session opened for user root(uid=0) by root(uid=0)
2026-09-09T12:35:01.593035+08:00 mxy-VMware-Virtual-Platform CRON[14094]: pam_unix(cron:session): session closed for user root
2026-09-09T12:45:01.620536+08:00 mxy-VMware-Virtual-Platform CRON[14124]: pam_unix(cron:session): session opened for user root(uid=0) by root(uid=0)
2026-09-09T12:45:01.633252+08:00 mxy-VMware-Virtual-Platform CRON[14124]: pam_unix(cron:session): session closed for user root
2026-09-09T12:45:50.915489+08:00 mxy-VMware-Virtual-Platform gdm-password]: gkr-pam: unlocked login keyring
2026-09-09T12:45:55.876215+08:00 mxy-VMware-Virtual-Platform sudo: pam_unix(sudo:session): session closed for user root
2026-09-09T12:49:09.603160+08:00 mxy-VMware-Virtual-Platform sudo:      mxy : TTY=pts/1 ; PWD=/home/mxy ; USER=root ; COMMAND=/usr/sbin/ausearch -k case01_lateral_file -i
2026-09-09T12:49:09.612094+08:00 mxy-VMware-Virtual-Platform sudo: pam_unix(sudo:session): session opened for user root(uid=0) by mxy(uid=1000)
2026-09-09T12:49:11.902354+08:00 mxy-VMware-Virtual-Platform sudo: pam_unix(sudo:session): session closed for user root
2026-09-09T12:49:11.956266+08:00 mxy-VMware-Virtual-Platform sudo:      mxy : TTY=pts/1 ; PWD=/home/mxy ; USER=root ; COMMAND=/usr/sbin/ausearch -k case01_lateral_exec -i
2026-09-09T12:49:11.961614+08:00 mxy-VMware-Virtual-Platform sudo: pam_unix(sudo:session): session opened for user root(uid=0) by mxy(uid=1000)
2026-09-09T12:49:12.453928+08:00 mxy-VMware-Virtual-Platform sudo: pam_unix(sudo:session): session closed for user root
2026-09-09T12:49:12.480809+08:00 mxy-VMware-Virtual-Platform sudo:      mxy : TTY=pts/1 ; PWD=/home/mxy ; USER=root ; COMMAND=/usr/sbin/ausearch -k case01_network -i
2026-09-09T12:49:12.484235+08:00 mxy-VMware-Virtual-Platform sudo: pam_unix(sudo:session): session opened for user root(uid=0) by mxy(uid=1000)
2026-09-09T12:49:14.639642+08:00 mxy-VMware-Virtual-Platform sudo: pam_unix(sudo:session): session closed for user root
2026-09-09T12:49:14.669530+08:00 mxy-VMware-Virtual-Platform sudo:      mxy : TTY=pts/1 ; PWD=/home/mxy ; USER=root ; COMMAND=/usr/bin/cp /var/log/auth.log /home/mxy/case01-run-final/core-auth.log
2026-09-09T12:49:14.673140+08:00 mxy-VMware-Virtual-Platform sudo: pam_unix(sudo:session): session opened for user root(uid=0) by mxy(uid=1000)